,State,Country,Region,sarimaI_CC,sarimaI_F,HWI_CC,HWI_F,LRI_CC,LRI_F,LGBMI_CC,LGBMI_F,PROPHET_CC,PROPHET_F
0,,Afghanistan,Afghanistan,638.547619047619,20.452380952380953,588.3571428571429,13.452380952380953,470.95238095238096,9.619047619047619,960.1190476190476,25.857142857142858,693.952380952381,15.119047619047619
113,,Albania,Albania,65.45238095238095,1.0238095238095237,20.476190476190474,0.42857142857142855,13.30952380952381,3.357142857142857,119.23809523809524,2.0476190476190474,19.61904761904762,3.0
226,,Algeria,Algeria,393.2142857142857,13.928571428571429,221.28571428571428,3.5476190476190474,592.3809523809524,177.0,966.2857142857143,45.333333333333336,355.9761904761905,107.47619047619048
339,,Andorra,Andorra,48.73809523809524,2.1904761904761907,58.476190476190474,2.8095238095238093,71.71428571428571,0.42857142857142855,17.30952380952381,4.119047619047619,131.07142857142858,6.0476190476190474
452,,Angola,Angola,3.738095238095238,0.0,1.5476190476190477,0.047619047619047616,87.78571428571429,7.785714285714286,5.119047619047619,0.0,2.261904761904762,0.0
565,,Antigua and Barbuda,Antigua and Barbuda,0.8333333333333334,0.0,3.0,0.8095238095238095,0.8333333333333334,0.0,0.8333333333333334,0.0,7.261904761904762,1.6666666666666667
678,,Argentina,Argentina,306.1904761904762,32.523809523809526,306.3333333333333,19.5,92.95238095238095,13.833333333333334,1051.4285714285713,58.76190476190476,377.73809523809524,16.30952380952381
791,,Armenia,Armenia,348.64285714285717,7.404761904761905,290.14285714285717,2.4047619047619047,28.785714285714285,1.5238095238095237,600.1904761904761,8.404761904761905,373.0238095238095,2.1904761904761907
904,Australian Capital Territory,Australia,"Australian Capital Territory, Australia",1.7380952380952381,0.0,1.7380952380952381,0.5952380952380952,1.7380952380952381,0.0,1.7380952380952381,0.0,8.261904761904763,0.7142857142857143
1017,New South Wales,Australia,"New South Wales, Australia",23.404761904761905,7.261904761904762,14.666666666666666,4.857142857142857,7.5476190476190474,6.833333333333333,55.54761904761905,7.261904761904762,316.1666666666667,2.4761904761904763
1130,Northern Territory,Australia,"Northern Territory, Australia",0.30952380952380953,0.0,0.30952380952380953,0.0,0.30952380952380953,0.0,0.30952380952380953,0.0,4.023809523809524,0.0
1243,Queensland,Australia,"Queensland, Australia",3.5952380952380953,0.0,6.071428571428571,1.2857142857142858,8.404761904761905,0.0,12.476190476190476,0.0,89.28571428571429,0.9047619047619048
1356,South Australia,Australia,"South Australia, Australia",0.5952380952380952,0.0,0.9523809523809523,0.0,0.8571428571428571,0.0,1.7857142857142858,0.0,32.19047619047619,2.9285714285714284
1469,Tasmania,Australia,"Tasmania, Australia",13.095238095238095,2.0952380952380953,19.071428571428573,0.5952380952380952,15.619047619047619,1.2619047619047619,22.333333333333332,2.5476190476190474,36.976190476190474,0.6904761904761905
1582,Victoria,Australia,"Victoria, Australia",16.761904761904763,1.8095238095238095,13.380952380952381,0.7619047619047619,20.238095238095237,1.4761904761904763,49.976190476190474,1.8095238095238095,111.35714285714286,3.9761904761904763
1695,Western Australia,Australia,"Western Australia, Australia",9.80952380952381,0.7380952380952381,13.023809523809524,0.5238095238095238,10.380952380952381,0.5952380952380952,5.357142857142857,0.7380952380952381,74.52380952380952,2.1666666666666665
1808,,Austria,Austria,39.476190476190474,20.333333333333332,175.71428571428572,20.261904761904763,163.45238095238096,52.666666666666664,410.92857142857144,70.35714285714286,1562.952380952381,72.85714285714286
1921,,Azerbaijan,Azerbaijan,172.0952380952381,4.5,99.80952380952381,5.5,72.26190476190476,0.6428571428571429,322.95238095238096,3.5952380952380953,192.52380952380952,1.0238095238095237
2034,,Bahamas,Bahamas,9.5,0.5,5.595238095238095,0.8571428571428571,7.857142857142857,0.47619047619047616,15.547619047619047,1.0,3.5952380952380953,3.5952380952380953
2147,,Bahrain,Bahrain,679.9761904761905,0.5714285714285714,356.0238095238095,0.47619047619047616,202.23809523809524,2.119047619047619,909.3571428571429,0.5714285714285714,421.76190476190476,1.3333333333333333
2260,,Bangladesh,Bangladesh,1880.5714285714287,21.023809523809526,1615.8809523809523,13.761904761904763,3853.9523809523807,237.07142857142858,3833.9285714285716,47.76190476190476,3420.1190476190477,27.80952380952381
2373,,Barbados,Barbados,1.8095238095238095,0.8571428571428571,3.238095238095238,0.2857142857142857,1.9285714285714286,0.8571428571428571,3.1904761904761907,0.8571428571428571,15.547619047619047,2.1904761904761907
2486,,Belarus,Belarus,6131.547619047619,14.238095238095237,5875.071428571428,8.404761904761905,3356.6666666666665,1.3095238095238095,6108.738095238095,27.452380952380953,4135.523809523809,10.023809523809524
2599,,Belgium,Belgium,1344.9285714285713,420.35714285714283,3510.0476190476193,841.0,8505.119047619048,983.6666666666666,5671.452380952381,1109.142857142857,4295.571428571428,923.1190476190476
2712,,Belize,Belize,0.0,0.0,0.38095238095238093,0.35714285714285715,0.0,0.0,0.0,0.0,9.523809523809524,1.380952380952381
2825,,Benin,Benin,55.23809523809524,0.30952380952380953,49.73809523809524,0.30952380952380953,55.23809523809524,0.30952380952380953,55.23809523809524,0.30952380952380953,43.19047619047619,0.35714285714285715
2938,,Bhutan,Bhutan,1.380952380952381,0.0,0.9285714285714286,0.0,1.380952380952381,0.0,1.380952380952381,0.0,1.3095238095238095,0.0
3051,,Bolivia,Bolivia,450.85714285714283,22.071428571428573,387.23809523809524,17.261904761904763,294.6904761904762,6.9523809523809526,593.0,25.047619047619047,452.7857142857143,13.738095238095237
3164,,Bosnia and Herzegovina,Bosnia and Herzegovina,41.666666666666664,13.619047619047619,18.476190476190474,6.285714285714286,76.69047619047619,3.5714285714285716,279.0238095238095,16.476190476190474,66.38095238095238,5.095238095238095
3277,,Botswana,Botswana,0.5238095238095238,0.0,4.261904761904762,0.0,811.0714285714286,40.595238095238095,1.5,0.0,3.7142857142857144,0.0
3390,,Brazil,Brazil,22983.95238095238,2003.095238095238,19511.166666666668,1695.0714285714287,12351.666666666666,513.2857142857143,36122.02380952381,2575.8571428571427,25999.666666666668,1865.7142857142858
3503,,Brunei,Brunei,4.0,0.0,3.8333333333333335,0.0,8.023809523809524,0.0,0.5238095238095238,0.0,0.9523809523809523,0.0
3616,,Bulgaria,Bulgaria,294.57142857142856,14.547619047619047,160.92857142857142,5.190476190476191,73.16666666666667,3.2857142857142856,372.26190476190476,16.238095238095237,217.61904761904762,3.380952380952381
3729,,Burkina Faso,Burkina Faso,9.119047619047619,3.6904761904761907,7.857142857142857,3.8333333333333335,9.476190476190476,0.7857142857142857,56.214285714285715,4.904761904761905,93.19047619047619,4.785714285714286
3842,,Burma,Burma,21.19047619047619,0.35714285714285715,44.23809523809524,1.1428571428571428,123.0,6.333333333333333,25.30952380952381,0.35714285714285715,12.976190476190476,1.6666666666666667
3955,,Burundi,Burundi,4.285714285714286,0.0,3.4523809523809526,0.0,4.285714285714286,0.0,4.285714285714286,0.0,3.0952380952380953,0.5
4068,,Cabo Verde,Cabo Verde,54.88095238095238,0.2857142857142857,37.285714285714285,0.2857142857142857,9068.809523809523,149.35714285714286,54.88095238095238,0.2857142857142857,44.476190476190474,0.2857142857142857
4181,,Cambodia,Cambodia,0.0,0.0,0.0,0.0,0.0,0.0,0.0,0.0,7.023809523809524,0.0
4294,,Cameroon,Cameroon,514.3095238095239,15.476190476190476,327.14285714285717,22.952380952380953,256.35714285714283,9.071428571428571,525.7619047619048,19.095238095238095,247.64285714285714,22.023809523809526
4407,Alberta,Canada,"Alberta, Canada",119.57142857142857,21.785714285714285,429.0238095238095,18.547619047619047,5328.857142857143,98.14285714285714,1355.3809523809523,23.80952380952381,949.3809523809524,3.4047619047619047
4520,British Columbia,Canada,"British Columbia, Canada",66.85714285714286,9.380952380952381,45.595238095238095,2.119047619047619,49.404761904761905,4.0476190476190474,262.1666666666667,17.714285714285715,41.095238095238095,7.523809523809524
4633,Manitoba,Canada,"Manitoba, Canada",5.095238095238095,0.7857142857142857,1.880952380952381,0.5952380952380952,4.333333333333333,0.7380952380952381,12.761904761904763,0.7857142857142857,43.76190476190476,1.1904761904761905
4746,New Brunswick,Canada,"New Brunswick, Canada",0.5952380952380952,0.0,4.357142857142857,0.0,0.6428571428571429,0.0,0.40476190476190477,0.0,18.80952380952381,0.0
4859,Newfoundland and Labrador,Canada,"Newfoundland and Labrador, Canada",11.547619047619047,0.0,10.285714285714286,0.5476190476190477,11.952380952380953,0.0,1.1428571428571428,0.0,39.30952380952381,1.4761904761904763
4972,Northwest Territories,Canada,"Northwest Territories, Canada",0.0,0.0,0.0,0.0,0.0,0.0,0.0,0.0,1.8095238095238095,0.0
5085,Nova Scotia,Canada,"Nova Scotia, Canada",93.02380952380952,11.071428571428571,81.30952380952381,1.2857142857142858,128.83333333333334,9.404761904761905,145.61904761904762,13.047619047619047,63.76190476190476,12.80952380952381
5198,Ontario,Canada,"Ontario, Canada",100.0,321.54761904761904,943.8333333333334,104.30952380952381,5745.476190476191,87.5,3586.785714285714,394.26190476190476,585.9285714285714,228.35714285714286
5311,Prince Edward Island,Canada,"Prince Edward Island, Canada",0.38095238095238093,0.0,0.7619047619047619,0.0,0.38095238095238093,0.0,0.38095238095238093,0.0,2.1666666666666665,0.023809523809523808
5424,Quebec,Canada,"Quebec, Canada",1820.3095238095239,279.8809523809524,1348.2857142857142,191.26190476190476,884.6666666666666,446.5238095238095,6683.833333333333,711.4761904761905,1305.857142857143,506.42857142857144
5537,Saskatchewan,Canada,"Saskatchewan, Canada",52.5,1.0952380952380953,49.357142857142854,0.5952380952380952,35.5,0.6666666666666666,69.61904761904762,1.0952380952380953,27.976190476190474,0.5952380952380952
5650,Yukon,Canada,"Yukon, Canada",0.47619047619047616,0.0,0.8095238095238095,0.0,6.0,0.0,1.1428571428571428,0.0,0.7380952380952381,0.0
5763,,Central African Republic,Central African Republic,33.80952380952381,0.0,31.928571428571427,0.0,32.833333333333336,0.0,33.80952380952381,0.0,30.666666666666668,0.0
5876,,Chad,Chad,57.785714285714285,7.333333333333333,51.023809523809526,7.333333333333333,46.04761904761905,7.333333333333333,63.5,7.333333333333333,56.26190476190476,7.333333333333333
5989,,Chile,Chile,2936.4761904761904,9.595238095238095,2398.595238095238,2.1666666666666665,729.9285714285714,6.761904761904762,5322.190476190476,61.42857142857143,2638.714285714286,20.476190476190474
6102,Anhui,China,"Anhui, China",0.0,0.0,0.0,0.0,0.0,0.0,0.0,0.0,1.2619047619047619,0.0
6215,Beijing,China,"Beijing, China",0.35714285714285715,0.42857142857142855,1.2857142857142858,0.30952380952380953,2.0,0.42857142857142855,0.0,0.42857142857142855,4.809523809523809,0.42857142857142855
6328,Chongqing,China,"Chongqing, China",0.0,0.0,0.0,0.0,0.0,0.0,0.0,0.0,0.7857142857142857,0.0
6441,Fujian,China,"Fujian, China",2.1666666666666665,0.0,2.238095238095238,0.0,5.214285714285714,0.0,0.3333333333333333,0.0,3.119047619047619,0.0
6554,Gansu,China,"Gansu, China",0.0,0.0,0.0,0.047619047619047616,0.0,0.0,0.0,0.0,0.8571428571428571,0.0
6667,Guangdong,China,"Guangdong, China",6.595238095238095,0.0,2.9047619047619047,0.0,13.214285714285714,0.0,4.071428571428571,0.0,30.5,0.0
6780,Guangxi,China,"Guangxi, China",0.0,0.0,0.0,0.047619047619047616,0.0,0.0,0.0,0.0,0.21428571428571427,0.0
6893,Guizhou,China,"Guizhou, China",6.071428571428571,0.0,3.1666666666666665,0.047619047619047616,5.142857142857143,0.0,0.0,0.0,0.5238095238095238,0.0
7006,Hainan,China,"Hainan, China",0.0,0.0,0.0,0.0,0.0,0.0,0.0,0.0,0.47619047619047616,0.0
7119,Hebei,China,"Hebei, China",0.0,0.0,0.23809523809523808,0.0,0.0,0.0,0.0,0.0,1.5952380952380953,0.0
7232,Heilongjiang,China,"Heilongjiang, China",7.857142857142857,0.0,52.166666666666664,0.0,127.38095238095238,2.1666666666666665,22.69047619047619,0.0,191.73809523809524,0.0
7345,Henan,China,"Henan, China",0.0,0.0,0.0,0.0,0.0,0.0,0.0,0.0,1.2380952380952381,0.0
7458,Hong Kong,China,"Hong Kong, China",5.523809523809524,0.0,6.023809523809524,0.30952380952380953,5.261904761904762,0.0,8.071428571428571,0.0,128.61904761904762,0.0
7571,Hubei,China,"Hubei, China",0.5952380952380952,0.0,322.23809523809524,912.2380952380952,757.1428571428571,50.142857142857146,0.5952380952380952,0.0,191.4047619047619,291.8333333333333
7684,Hunan,China,"Hunan, China",0.0,0.0,0.0,0.0,0.0,0.0,0.0,0.0,0.7857142857142857,0.0
7797,Inner Mongolia,China,"Inner Mongolia, China",4.285714285714286,0.0,23.428571428571427,0.0,3.3095238095238093,0.0,4.285714285714286,0.0,48.785714285714285,0.0
7910,Jiangsu,China,"Jiangsu, China",0.0,0.0,0.0,0.0,0.0,0.0,0.0,0.0,2.8333333333333335,0.0
8023,Jiangxi,China,"Jiangxi, China",0.0,0.0,0.0,0.0,0.0,0.0,0.0,0.0,1.619047619047619,0.0
8136,Jilin,China,"Jilin, China",2.0714285714285716,0.0,3.0952380952380953,0.0,2.119047619047619,0.0,5.738095238095238,0.0,4.976190476190476,0.0
8249,Liaoning,China,"Liaoning, China",0.16666666666666666,0.0,1.1666666666666667,0.047619047619047616,0.7380952380952381,0.0,0.14285714285714285,0.0,2.738095238095238,0.0
8362,Macau,China,"Macau, China",0.0,0.0,0.0,0.0,0.0,0.0,0.0,0.0,2.0,0.0
8475,Ningxia,China,"Ningxia, China",0.0,0.0,0.0,0.0,0.0,0.0,0.0,0.0,0.0,0.0
8588,Qinghai,China,"Qinghai, China",0.0,0.0,0.0,0.0,0.0,0.0,0.0,0.0,0.0,0.0
8701,Shaanxi,China,"Shaanxi, China",23.928571428571427,0.0,23.928571428571427,0.23809523809523808,23.928571428571427,0.0,23.928571428571427,0.0,23.714285714285715,0.0
8814,Shandong,China,"Shandong, China",0.2619047619047619,0.0,5.738095238095238,0.0,6.785714285714286,0.0,0.2619047619047619,0.0,6.166666666666667,0.0
8927,Shanghai,China,"Shanghai, China",6.190476190476191,0.0,22.333333333333332,0.5714285714285714,8.880952380952381,0.11904761904761904,8.761904761904763,0.0,55.404761904761905,0.7142857142857143
9040,Shanxi,China,"Shanxi, China",0.2619047619047619,0.0,21.166666666666668,0.0,20.69047619047619,0.0,0.2619047619047619,0.0,32.023809523809526,0.0
9153,Sichuan,China,"Sichuan, China",0.0,0.0,0.9285714285714286,0.23809523809523808,3.738095238095238,0.0,0.0,0.0,3.6666666666666665,0.0
9266,Tianjin,China,"Tianjin, China",0.6666666666666666,0.0,4.0476190476190474,0.0,2.3333333333333335,0.0,0.6190476190476191,0.0,4.261904761904762,0.0
9379,Tibet,China,"Tibet, China",0.0,0.0,0.0,0.0,0.0,0.0,0.0,0.0,0.0,0.0
9492,Xinjiang,China,"Xinjiang, China",0.0,0.0,0.0,0.23809523809523808,0.0,0.0,0.0,0.0,0.023809523809523808,0.0
9605,Yunnan,China,"Yunnan, China",0.47619047619047616,0.0,0.47619047619047616,0.047619047619047616,0.47619047619047616,0.0,0.47619047619047616,0.0,0.30952380952380953,0.0
9718,Zhejiang,China,"Zhejiang, China",0.0,0.0,0.0,0.0,0.0,0.0,0.0,0.0,5.357142857142857,0.0
9831,,Colombia,Colombia,1155.4761904761904,26.047619047619047,937.8809523809524,13.047619047619047,1813.3809523809523,101.26190476190476,2168.595238095238,86.66666666666667,1129.8095238095239,30.452380952380953
9944,,Congo (Brazzaville),Congo (Brazzaville),49.833333333333336,1.4047619047619047,8.714285714285714,0.5,228.45238095238096,10.333333333333334,52.54761904761905,1.4047619047619047,16.166666666666668,0.8809523809523809
10057,,Congo (Kinshasa),Congo (Kinshasa),97.76190476190476,2.8333333333333335,82.80952380952381,1.6904761904761905,474.26190476190476,46.285714285714285,189.85714285714286,4.5476190476190474,128.02380952380952,1.2142857142857142
10170,,Costa Rica,Costa Rica,15.166666666666666,0.6904761904761905,2.8333333333333335,0.5238095238095238,4.071428571428571,0.35714285714285715,41.714285714285715,0.6904761904761905,102.57142857142857,0.40476190476190477
10283,,Cote d'Ivoire,Cote d'Ivoire,75.9047619047619,3.738095238095238,30.428571428571427,0.7142857142857143,1354.8333333333333,13.619047619047619,288.07142857142856,4.285714285714286,61.333333333333336,2.238095238095238
10396,,Croatia,Croatia,64.78571428571429,5.428571428571429,86.38095238095238,13.166666666666666,79.5,9.166666666666666,118.11904761904762,13.976190476190476,311.8333333333333,3.9523809523809526
10509,,Cuba,Cuba,57.54761904761905,4.9523809523809526,105.11904761904762,1.619047619047619,295.14285714285717,3.880952380952381,281.73809523809524,15.80952380952381,60.45238095238095,6.523809523809524
10622,,Cyprus,Cyprus,27.047619047619047,1.5238095238095237,28.142857142857142,0.2857142857142857,44.976190476190474,0.30952380952380953,48.166666666666664,1.5238095238095237,166.07142857142858,0.6190476190476191
10735,,Czechia,Czechia,21.19047619047619,3.880952380952381,301.73809523809524,9.238095238095237,792.9285714285714,6.785714285714286,536.6904761904761,32.666666666666664,912.6428571428571,37.642857142857146
10848,Faroe Islands,Denmark,"Faroe Islands, Denmark",1.1666666666666667,0.0,1.880952380952381,0.0,4.214285714285714,0.0,1.0,0.0,3.0,0.0
10961,Greenland,Denmark,"Greenland, Denmark",0.0,0.0,0.0,0.0,0.0,0.0,0.0,0.0,0.5,0.0
11074,,Denmark,Denmark,289.2142857142857,6.285714285714286,76.28571428571429,14.19047619047619,299.8333333333333,5.4523809523809526,1081.2857142857142,61.80952380952381,855.952380952381,45.476190476190474
11187,,Diamond Princess,Diamond Princess,0.0,0.47619047619047616,0.0,1.0476190476190477,0.0,0.0,0.0,0.0,1.4047619047619047,0.7142857142857143
11300,,Djibouti,Djibouti,189.11904761904762,0.19047619047619047,455.9761904761905,0.2857142857142857,2234.095238095238,5.404761904761905,139.26190476190476,0.19047619047619047,143.57142857142858,1.3095238095238095
11413,,Dominica,Dominica,0.0,0.0,0.5714285714285714,0.0,0.0,0.0,0.0,0.0,2.4523809523809526,0.0
11526,,Dominican Republic,Dominican Republic,213.54761904761904,12.5,387.0,15.214285714285714,3632.4285714285716,203.3095238095238,1724.904761904762,55.357142857142854,629.8571428571429,19.738095238095237
11639,,Ecuador,Ecuador,8583.42857142857,367.14285714285717,6158.809523809524,292.85714285714283,5932.333333333333,147.42857142857142,8755.52380952381,441.7857142857143,6110.690476190476,300.7142857142857
11752,,Egypt,Egypt,937.6666666666666,6.9523809523809526,793.1190476190476,10.714285714285714,324.5238095238095,21.666666666666668,1850.8809523809523,95.02380952380952,979.3333333333334,29.0
11865,,El Salvador,El Salvador,112.02380952380952,2.0952380952380953,103.88095238095238,1.5,80.0,0.7857142857142857,181.66666666666666,2.7857142857142856,119.30952380952381,1.3571428571428572
11978,,Equatorial Guinea,Equatorial Guinea,120.38095238095238,1.2380952380952381,81.5952380952381,1.2380952380952381,131.85714285714286,1.2380952380952381,131.83333333333334,1.2380952380952381,120.38095238095238,1.2380952380952381
12091,,Eritrea,Eritrea,4.523809523809524,0.0,10.571428571428571,0.0,24.476190476190474,0.0,0.0,0.0,8.023809523809524,0.0
12204,,Estonia,Estonia,24.404761904761905,5.023809523809524,136.71428571428572,4.904761904761905,175.38095238095238,0.7619047619047619,83.0,7.023809523809524,214.14285714285714,7.0476190476190474
12317,,Eswatini,Eswatini,41.38095238095238,0.19047619047619047,39.833333333333336,0.19047619047619047,129.92857142857142,7.690476190476191,46.285714285714285,0.19047619047619047,43.88095238095238,0.023809523809523808
12430,,Ethiopia,Ethiopia,14.928571428571429,0.3333333333333333,16.095238095238095,0.14285714285714285,28.357142857142858,1.2857142857142858,28.428571428571427,0.3333333333333333,12.761904761904763,1.6428571428571428
12543,,Fiji,Fiji,0.5714285714285714,0.0,0.47619047619047616,0.0,0.5714285714285714,0.0,0.5714285714285714,0.0,5.523809523809524,0.0
12656,,Finland,Finland,34.07142857142857,30.166666666666668,256.42857142857144,25.738095238095237,980.1904761904761,27.30952380952381,746.952380952381,70.21428571428571,234.26190476190476,43.92857142857143
12769,French Guiana,France,"French Guiana, France",8.30952380952381,0.5714285714285714,2.4523809523809526,0.5714285714285714,19.047619047619047,0.5714285714285714,16.833333333333332,0.5714285714285714,5.119047619047619,0.5714285714285714
12882,French Polynesia,France,"French Polynesia, France",1.9047619047619047,0.0,1.3571428571428572,0.0,1.9047619047619047,0.0,1.9047619047619047,0.0,9.857142857142858,0.0
12995,Guadeloupe,France,"Guadeloupe, France",1.0714285714285714,2.380952380952381,4.309523809523809,2.1666666666666665,6.5,1.9285714285714286,1.8095238095238095,2.380952380952381,8.761904761904763,1.4523809523809523
13108,Martinique,France,"Martinique, France",4.642857142857143,1.7380952380952381,1.2380952380952381,2.5476190476190474,11.785714285714286,0.9285714285714286,8.333333333333334,1.0952380952380953,1.9761904761904763,1.4761904761904763
13221,Mayotte,France,"Mayotte, France",130.8095238095238,1.5476190476190477,114.73809523809524,1.0952380952380953,21.80952380952381,1.2142857142857142,204.6904761904762,1.5476190476190477,150.42857142857142,1.1666666666666667
13334,New Caledonia,France,"New Caledonia, France",0.0,0.0,0.0,0.0,0.0,0.0,0.0,0.0,0.5714285714285714,0.0
13447,Reunion,France,"Reunion, France",5.595238095238095,0.0,19.928571428571427,0.0,36.214285714285715,0.0,8.166666666666666,0.0,45.404761904761905,0.0
13560,Saint Barthelemy,France,"Saint Barthelemy, France",0.0,0.0,0.4523809523809524,0.0,0.0,0.0,0.0,0.0,0.0,0.0
13673,Saint Pierre and Miquelon,France,"Saint Pierre and Miquelon, France",0.0,0.0,0.0,0.0,0.0,0.0,0.0,0.0,0.5476190476190477,0.0
13786,St Martin,France,"St Martin, France",0.8095238095238095,0.47619047619047616,5.238095238095238,0.42857142857142855,8.142857142857142,0.19047619047619047,0.6428571428571429,0.47619047619047616,7.380952380952381,0.07142857142857142
13899,,France,France,5802.5,310.07142857142856,29896.071428571428,1745.4761904761904,21214.595238095237,1120.8333333333333,8012.666666666667,2616.0476190476193,37869.357142857145,4067.214285714286
14012,,Gabon,Gabon,142.4047619047619,2.1904761904761907,102.5,2.1904761904761907,36.5,0.9761904761904762,160.47619047619048,2.1904761904761907,132.9047619047619,2.1904761904761907
14125,,Gambia,Gambia,2.6904761904761907,0.0,1.8095238095238095,0.0,7.880952380952381,1.0476190476190477,2.6904761904761907,0.0,1.619047619047619,0.0
14238,,Georgia,Georgia,10.785714285714286,1.5476190476190477,41.857142857142854,0.9285714285714286,65.97619047619048,0.5,86.07142857142857,2.0238095238095237,18.61904761904762,0.7619047619047619
14351,,Germany,Germany,405.1666666666667,633.3809523809524,3219.809523809524,283.7857142857143,11181.261904761905,487.6190476190476,10150.285714285714,1161.5,19710.880952380954,379.0238095238095
14464,,Ghana,Ghana,605.6428571428571,3.5238095238095237,296.4047619047619,2.357142857142857,95695.59523809524,830.047619047619,863.4047619047619,3.9523809523809526,727.3333333333334,2.4047619047619047
14577,,Greece,Greece,181.85714285714286,2.0476190476190474,146.9047619047619,3.880952380952381,129.11904761904762,11.571428571428571,201.83333333333334,15.285714285714286,217.95238095238096,11.595238095238095
14690,,Grenada,Grenada,2.9047619047619047,0.0,1.0952380952380953,0.0,2.9047619047619047,0.0,2.9047619047619047,0.0,1.1904761904761905,0.0
14803,,Guatemala,Guatemala,142.21428571428572,6.0476190476190474,111.69047619047619,3.5714285714285716,764.1190476190476,21.595238095238095,249.1904761904762,6.0476190476190474,182.88095238095238,3.9047619047619047
14916,,Guinea,Guinea,249.4047619047619,3.5476190476190474,194.85714285714286,6.761904761904762,81.64285714285714,2.7142857142857144,530.0,1.9523809523809523,373.14285714285717,2.6666666666666665
15029,,Guinea-Bissau,Guinea-Bissau,155.73809523809524,0.7380952380952381,148.88095238095238,0.7380952380952381,88.61904761904762,0.7380952380952381,160.16666666666666,0.7380952380952381,147.92857142857142,0.7380952380952381
15142,,Guyana,Guyana,11.428571428571429,0.9761904761904762,5.4523809523809526,0.30952380952380953,28.833333333333332,3.3333333333333335,11.428571428571429,0.9761904761904762,8.047619047619047,0.5714285714285714
15255,,Haiti,Haiti,24.357142857142858,3.5,23.69047619047619,3.7857142857142856,23.142857142857142,2.761904761904762,34.92857142857143,3.5,21.952380952380953,1.8095238095238095
15368,,Holy See,Holy See,1.4761904761904763,0.0,0.5476190476190477,0.0,1.4761904761904763,0.0,1.4761904761904763,0.0,0.5714285714285714,0.0
15481,,Honduras,Honduras,300.3095238095238,13.80952380952381,283.42857142857144,3.761904761904762,169.0,2.4047619047619047,377.6190476190476,19.333333333333332,268.3333333333333,11.976190476190476
15594,,Hungary,Hungary,215.78571428571428,27.976190476190474,83.61904761904762,37.714285714285715,734.6190476190476,47.38095238095238,510.14285714285717,77.92857142857143,99.9047619047619,24.452380952380953
15707,,Iceland,Iceland,41.61904761904762,0.5714285714285714,59.142857142857146,1.6428571428571428,67.45238095238095,0.21428571428571427,13.642857142857142,0.5714285714285714,254.88095238095238,2.6666666666666665
15820,,India,India,3986.9285714285716,258.76190476190476,3659.0714285714284,215.02380952380952,8379.642857142857,239.4047619047619,14407.714285714286,483.73809523809524,9580.404761904761,297.85714285714283
15933,,Indonesia,Indonesia,210.97619047619048,23.80952380952381,102.35714285714286,73.57142857142857,1352.047619047619,198.73809523809524,2432.9285714285716,136.28571428571428,675.6428571428571,37.595238095238095
16046,,Iran,Iran,580.8809523809524,28.357142857142858,1192.0714285714287,74.85714285714286,1541.6190476190477,69.14285714285714,8400.785714285714,549.7619047619048,6510.761904761905,381.92857142857144
16159,,Iraq,Iraq,262.4761904761905,7.904761904761905,171.33333333333334,1.5238095238095237,70.04761904761905,8.619047619047619,380.5238095238095,7.904761904761905,84.71428571428571,8.047619047619047
16272,,Ireland,Ireland,162.26190476190476,77.42857142857143,1632.5714285714287,60.0,2873.5,104.33333333333333,3007.6428571428573,339.57142857142856,1957.2142857142858,166.23809523809524
16385,,Israel,Israel,384.0,28.023809523809526,587.547619047619,39.92857142857143,502.8333333333333,6.976190476190476,1302.4761904761904,29.11904761904762,1933.047619047619,26.333333333333332
16498,,Italy,Italy,5462.547619047619,448.23809523809524,7754.666666666667,677.9285714285714,13435.07142857143,1226.6666666666667,15322.52380952381,2578.9523809523807,12997.761904761905,1742.2142857142858
16611,,Jamaica,Jamaica,111.19047619047619,1.619047619047619,53.57142857142857,0.8333333333333334,219.88095238095238,8.571428571428571,132.14285714285714,1.619047619047619,111.26190476190476,0.5238095238095238
16724,,Japan,Japan,1990.6666666666667,14.30952380952381,2499.404761904762,21.785714285714285,6849.952380952381,61.666666666666664,1946.4285714285713,132.6904761904762,1367.095238095238,98.66666666666667
16837,,Jordan,Jordan,10.904761904761905,0.6666666666666666,8.80952380952381,0.2619047619047619,9.166666666666666,0.16666666666666666,33.904761904761905,0.6666666666666666,26.357142857142858,0.7380952380952381
16950,,Kazakhstan,Kazakhstan,856.5238095238095,5.428571428571429,569.8571428571429,0.6190476190476191,314.95238095238096,3.1904761904761907,1135.2142857142858,5.428571428571429,696.7857142857143,1.9523809523809523
17063,,Kenya,Kenya,98.07142857142857,1.7380952380952381,40.69047619047619,1.7142857142857142,9.5,1.8333333333333333,116.42857142857143,4.571428571428571,53.19047619047619,2.2857142857142856
17176,,"Korea, South","Korea, South",10.214285714285714,3.7857142857142856,9.928571428571429,7.738095238095238,19.666666666666668,6.5476190476190474,77.5952380952381,8.642857142857142,284.7857142857143,24.857142857142858
17289,,Kosovo,Kosovo,29.285714285714285,6.428571428571429,61.11904761904762,2.3333333333333335,123.38095238095238,1.8333333333333333,164.45238095238096,6.428571428571429,57.333333333333336,1.6904761904761905
17402,,Kuwait,Kuwait,1085.6190476190477,15.404761904761905,928.3333333333334,9.785714285714286,1787.5238095238096,3.5714285714285716,1853.857142857143,15.976190476190476,1295.2380952380952,15.404761904761905
17515,,Kyrgyzstan,Kyrgyzstan,21.857142857142858,2.5714285714285716,52.976190476190474,1.619047619047619,172.26190476190476,0.6904761904761905,135.47619047619048,2.5714285714285716,51.42857142857143,0.7142857142857143
17628,,Laos,Laos,0.0,0.0,0.30952380952380953,0.0,0.0,0.0,0.0,0.0,6.404761904761905,0.0
17741,,Latvia,Latvia,34.476190476190474,5.5476190476190474,67.11904761904762,5.5476190476190474,200.66666666666666,3.5952380952380953,76.28571428571429,5.5476190476190474,37.07142857142857,2.7857142857142856
17854,,Lebanon,Lebanon,21.142857142857142,1.8571428571428572,25.88095238095238,1.4761904761904763,14.619047619047619,0.9047619047619048,43.404761904761905,1.8571428571428572,55.92857142857143,1.4761904761904763
17967,,Liberia,Liberia,4.976190476190476,3.4047619047619047,10.30952380952381,1.7857142857142858,473.0,40.476190476190474,36.30952380952381,4.357142857142857,10.047619047619047,1.7380952380952381
18080,,Libya,Libya,5.095238095238095,0.8333333333333334,10.357142857142858,0.8333333333333334,31.11904761904762,0.2619047619047619,5.976190476190476,0.8333333333333334,12.047619047619047,0.6904761904761905
18193,,Liechtenstein,Liechtenstein,0.9523809523809523,0.0,2.3333333333333335,0.0,11.214285714285714,0.09523809523809523,0.42857142857142855,0.0,2.3333333333333335,0.4523809523809524
18306,,Lithuania,Lithuania,295.07142857142856,2.2142857142857144,429.07142857142856,4.833333333333333,1433.547619047619,34.833333333333336,68.5,5.666666666666667,170.6904761904762,6.476190476190476
18419,,Luxembourg,Luxembourg,85.78571428571429,8.238095238095237,108.83333333333333,1.9523809523809523,277.8095238095238,2.5714285714285716,132.92857142857142,10.857142857142858,413.42857142857144,14.833333333333334
18532,,MS Zaandam,MS Zaandam,0.0,0.0,0.7142857142857143,0.047619047619047616,0.0,0.0,0.0,0.0,0.40476190476190477,0.0
18645,,Madagascar,Madagascar,8.714285714285714,0.0,8.30952380952381,0.0,22.166666666666668,0.0,16.452380952380953,0.0,13.119047619047619,0.0
18758,,Malawi,Malawi,12.904761904761905,0.5238095238095238,8.785714285714286,0.14285714285714285,12.380952380952381,0.5238095238095238,12.904761904761905,0.5238095238095238,4.976190476190476,0.8809523809523809
18871,,Malaysia,Malaysia,26.738095238095237,2.0714285714285716,112.54761904761905,3.761904761904762,58.95238095238095,0.9285714285714286,422.3809523809524,7.476190476190476,721.2142857142857,11.166666666666666
18984,,Maldives,Maldives,142.5952380952381,0.7619047619047619,119.02380952380952,0.7619047619047619,229252.42857142858,0.7619047619047619,235.26190476190476,0.7619047619047619,242.78571428571428,0.7619047619047619
19097,,Mali,Mali,48.61904761904762,7.357142857142857,25.261904761904763,3.761904761904762,69.11904761904762,6.880952380952381,165.95238095238096,7.857142857142857,113.21428571428571,2.8333333333333335
19210,,Malta,Malta,10.261904761904763,0.6904761904761905,4.309523809523809,0.5476190476190477,11.952380952380953,0.4523809523809524,24.523809523809526,0.6904761904761905,112.71428571428571,1.5238095238095237
19323,,Mauritania,Mauritania,0.5476190476190477,0.023809523809523808,0.35714285714285715,0.023809523809523808,0.5476190476190477,0.023809523809523808,0.5476190476190477,0.023809523809523808,0.40476190476190477,0.023809523809523808
19436,,Mauritius,Mauritius,4.238095238095238,0.40476190476190477,9.19047619047619,0.7380952380952381,16.523809523809526,0.19047619047619047,2.0476190476190474,0.40476190476190477,100.78571428571429,1.2380952380952381
19549,,Mexico,Mexico,4643.976190476191,420.85714285714283,4320.261904761905,381.14285714285717,1546.404761904762,115.71428571428571,8748.07142857143,891.7857142857143,6639.309523809524,733.3333333333334
19662,,Moldova,Moldova,246.8095238095238,12.404761904761905,108.9047619047619,5.904761904761905,65.83333333333333,7.642857142857143,858.7857142857143,32.0,40.904761904761905,13.928571428571429
19775,,Monaco,Monaco,0.2857142857142857,0.5,0.07142857142857142,0.2619047619047619,0.35714285714285715,0.5,0.5238095238095238,0.5,21.571428571428573,0.5714285714285714
19888,,Mongolia,Mongolia,3.9285714285714284,0.0,2.1666666666666665,0.0,17.238095238095237,0.0,3.9285714285714284,0.0,5.333333333333333,0.0
20001,,Montenegro,Montenegro,2.0,0.8333333333333334,3.238095238095238,0.2619047619047619,18.714285714285715,0.8809523809523809,7.5,1.2857142857142858,77.02380952380952,0.38095238095238093
20114,,Morocco,Morocco,420.9047619047619,6.428571428571429,145.04761904761904,7.738095238095238,2438.190476190476,157.28571428571428,1093.0714285714287,17.11904761904762,447.92857142857144,33.92857142857143
20227,,Mozambique,Mozambique,8.952380952380953,0.0,5.238095238095238,0.0,10.30952380952381,0.0,20.857142857142858,0.0,11.69047619047619,0.0
20340,,Namibia,Namibia,0.0,0.0,0.0,0.0,0.0,0.0,0.0,0.0,1.4761904761904763,0.0
20453,,Nepal,Nepal,11.928571428571429,0.0,10.095238095238095,0.0,327.0952380952381,0.0,30.142857142857142,0.0,26.476190476190474,0.0
20566,Aruba,Netherlands,"Aruba, Netherlands",0.6190476190476191,0.16666666666666666,3.6666666666666665,0.9761904761904762,8.0,0.0,1.7857142857142858,0.16666666666666666,20.952380952380953,0.5714285714285714
20679,"Bonaire, Sint Eustatius and Saba",Netherlands,"Bonaire, Sint Eustatius and Saba, Netherlands",0.30952380952380953,0.0,0.9047619047619048,0.0,9108.785714285714,0.0,0.30952380952380953,0.0,0.38095238095238093,0.0
20792,Curacao,Netherlands,"Curacao, Netherlands",0.9523809523809523,0.0,0.30952380952380953,0.0,0.9523809523809523,0.0,0.9523809523809523,0.0,1.3333333333333333,0.0
20905,Sint Maarten,Netherlands,"Sint Maarten, Netherlands",9.214285714285714,1.2619047619047619,16.047619047619047,0.6904761904761905,112.5952380952381,15.595238095238095,4.214285714285714,1.7857142857142858,16.928571428571427,2.7142857142857144
21018,,Netherlands,Netherlands,2799.2380952380954,114.33333333333333,3748.285714285714,171.3095238095238,8145.476190476191,696.1666666666666,3866.0,658.8571428571429,3701.0714285714284,362.0238095238095
21131,,New Zealand,New Zealand,32.30952380952381,2.0,43.095238095238095,1.3333333333333333,40.07142857142857,3.4285714285714284,27.023809523809526,4.0,340.6666666666667,1.9047619047619047
21244,,Nicaragua,Nicaragua,2.1666666666666665,1.1666666666666667,0.7857142857142857,1.119047619047619,8.0,1.0476190476190477,2.619047619047619,1.1666666666666667,0.8095238095238095,1.3333333333333333
21357,,Niger,Niger,19.523809523809526,4.142857142857143,57.595238095238095,1.0,85.73809523809524,4.023809523809524,53.54761904761905,8.238095238095237,255.71428571428572,4.571428571428571
21470,,Nigeria,Nigeria,629.5238095238095,23.142857142857142,553.8095238095239,19.238095238095237,2783.5238095238096,95.4047619047619,1062.2619047619048,33.333333333333336,988.3809523809524,29.571428571428573
21583,,North Macedonia,North Macedonia,25.11904761904762,9.904761904761905,213.5952380952381,1.8095238095238095,389.0,8.476190476190476,152.4047619047619,14.404761904761905,176.61904761904762,4.714285714285714
21696,,Norway,Norway,62.04761904761905,7.833333333333333,96.47619047619048,7.071428571428571,201.78571428571428,11.0,392.2857142857143,24.857142857142858,565.6904761904761,33.88095238095238
21809,,Oman,Oman,178.35714285714286,0.40476190476190477,70.33333333333333,0.5238095238095238,284.64285714285717,2.5476190476190474,717.5714285714286,2.9523809523809526,404.35714285714283,1.7619047619047619
21922,,Pakistan,Pakistan,3121.5476190476193,70.30952380952381,2868.6666666666665,55.04761904761905,5043.976190476191,80.0952380952381,6522.619047619048,154.28571428571428,4633.785714285715,122.19047619047619
22035,,Panama,Panama,1260.4761904761904,11.547619047619047,360.3333333333333,2.2857142857142856,218.0,5.928571428571429,1441.1666666666667,41.785714285714285,162.95238095238096,8.166666666666666
22148,,Papua New Guinea,Papua New Guinea,0.5238095238095238,0.0,0.7857142857142857,0.0,1192.2619047619048,0.0,0.5238095238095238,0.0,1.619047619047619,0.0
22261,,Paraguay,Paraguay,82.92857142857143,0.8809523809523809,65.11904761904762,0.6666666666666666,53.26190476190476,2.119047619047619,108.61904761904762,0.8809523809523809,72.38095238095238,1.9761904761904763
22374,,Peru,Peru,9542.690476190477,163.52380952380952,8275.785714285714,96.19047619047619,4135.214285714285,163.8095238095238,15636.357142857143,459.1666666666667,10509.5,373.73809523809524
22487,,Philippines,Philippines,237.66666666666666,62.404761904761905,178.83333333333334,9.0,127.80952380952381,10.976190476190476,1509.357142857143,103.71428571428571,101.69047619047619,35.38095238095238
22600,,Poland,Poland,851.5,76.14285714285714,1116.5238095238096,42.69047619047619,5120.642857142857,129.61904761904762,2298.1190476190477,161.11904761904762,219.5952380952381,31.61904761904762
22713,,Portugal,Portugal,230.66666666666666,25.976190476190474,1070.595238095238,40.42857142857143,2428.095238095238,34.04761904761905,2750.2380952380954,159.57142857142858,2511.3333333333335,55.73809523809524
22826,,Qatar,Qatar,2997.595238095238,1.0952380952380953,2415.8571428571427,0.30952380952380953,5847.261904761905,14.595238095238095,5430.619047619048,1.9285714285714286,4106.571428571428,0.8571428571428571
22939,,Romania,Romania,295.0952380952381,50.5,272.0952380952381,26.404761904761905,1538.2857142857142,23.238095238095237,2248.3333333333335,173.35714285714286,227.14285714285714,32.023809523809526
23052,,Russia,Russia,8961.5,182.9047619047619,8953.833333333334,154.57142857142858,145335.92857142858,1160.857142857143,50283.92857142857,487.04761904761904,42454.333333333336,425.73809523809524
23165,,Rwanda,Rwanda,28.833333333333332,0.0,28.595238095238095,0.0,29.904761904761905,0.0,48.38095238095238,0.0,23.571428571428573,0.0
23278,,Saint Kitts and Nevis,Saint Kitts and Nevis,0.5714285714285714,0.0,1.8571428571428572,0.0,0.5714285714285714,0.0,0.5714285714285714,0.0,2.380952380952381,0.0
23391,,Saint Lucia,Saint Lucia,0.9761904761904762,0.0,0.8809523809523809,0.0,0.9761904761904762,0.0,0.9761904761904762,0.0,0.5,0.0
23504,,Saint Vincent and the Grenadines,Saint Vincent and the Grenadines,2.0,0.0,0.3333333333333333,0.0,2.0,0.0,2.0,0.0,4.404761904761905,0.0
23617,,San Marino,San Marino,43.333333333333336,0.40476190476190477,41.5,3.142857142857143,200.1904761904762,21.142857142857142,61.666666666666664,0.9761904761904762,26.523809523809526,3.619047619047619
23730,,Sao Tome and Principe,Sao Tome and Principe,43.61904761904762,1.119047619047619,43.30952380952381,1.119047619047619,43.61904761904762,1.119047619047619,43.61904761904762,1.119047619047619,42.42857142857143,1.119047619047619
23843,,Saudi Arabia,Saudi Arabia,2352.309523809524,28.357142857142858,1695.7857142857142,12.285714285714286,42164.119047619046,487.54761904761904,9467.214285714286,47.38095238095238,7956.809523809524,18.452380952380953
23956,,Senegal,Senegal,345.2142857142857,4.023809523809524,336.76190476190476,3.857142857142857,288.07142857142856,3.4285714285714284,424.57142857142856,4.523809523809524,365.85714285714283,4.238095238095238
24069,,Serbia,Serbia,429.8333333333333,2.761904761904762,768.6904761904761,9.142857142857142,1831.0238095238096,30.261904761904763,1465.3809523809523,33.30952380952381,593.6428571428571,3.5476190476190474
24182,,Seychelles,Seychelles,0.0,0.0,0.21428571428571427,0.0,0.0,0.0,0.0,0.0,0.7142857142857143,0.0
24295,,Sierra Leone,Sierra Leone,63.642857142857146,5.190476190476191,40.166666666666664,5.190476190476191,27445.833333333332,5.190476190476191,77.80952380952381,5.190476190476191,75.95238095238095,5.190476190476191
24408,,Singapore,Singapore,1602.2857142857142,2.9761904761904763,975.7619047619048,0.7142857142857143,21077.64285714286,42.26190476190476,6034.357142857143,2.9761904761904763,5060.714285714285,0.5952380952380952
24521,,Slovakia,Slovakia,77.5,4.0,284.1190476190476,4.095238095238095,1009.2142857142857,6.333333333333333,129.16666666666666,5.5476190476190474,144.4047619047619,4.595238095238095
24634,,Slovenia,Slovenia,19.714285714285715,12.5,64.85714285714286,19.19047619047619,158.11904761904762,2.119047619047619,50.714285714285715,9.833333333333334,161.11904761904762,14.047619047619047
24747,,Somalia,Somalia,147.54761904761904,12.714285714285714,120.14285714285714,8.785714285714286,1154.6666666666667,47.785714285714285,294.9761904761905,13.928571428571429,278.54761904761904,12.285714285714286
24860,,South Africa,South Africa,874.7619047619048,40.30952380952381,879.5,18.61904761904762,733.8095238095239,6.976190476190476,2018.6190476190477,41.904761904761905,1531.5,26.761904761904763
24973,,South Sudan,South Sudan,31.547619047619047,0.0,31.547619047619047,0.0,31.547619047619047,0.0,31.547619047619047,0.0,29.714285714285715,0.0
25086,,Spain,Spain,24816.5,529.5238095238095,25071.47619047619,307.2142857142857,48444.642857142855,3645.404761904762,9620.52380952381,2332.2380952380954,27710.595238095237,2611.809523809524
25199,,Sri Lanka,Sri Lanka,178.9047619047619,0.4523809523809524,150.71428571428572,0.4523809523809524,99.97619047619048,2.5952380952380953,219.14285714285714,0.4523809523809524,181.9047619047619,1.8333333333333333
25312,,Sudan,Sudan,298.76190476190476,17.023809523809526,282.6190476190476,10.571428571428571,2425.6190476190477,402.42857142857144,347.0952380952381,17.023809523809526,342.26190476190476,16.714285714285715
25425,,Suriname,Suriname,0.0,0.0,0.0,0.0,0.0,0.0,0.0,0.0,0.0,0.3333333333333333
25538,,Sweden,Sweden,984.2857142857143,547.3333333333334,106.0952380952381,407.42857142857144,2966.0238095238096,190.54761904761904,4088.0714285714284,614.5714285714286,585.8571428571429,127.02380952380952
25651,,Switzerland,Switzerland,761.0238095238095,34.404761904761905,1376.095238095238,73.85714285714286,2064.4523809523807,40.5,1013.5,183.04761904761904,3564.9285714285716,217.45238095238096
25764,,Syria,Syria,6.095238095238095,0.5476190476190477,10.785714285714286,0.5238095238095238,12.523809523809524,1.1904761904761905,2.880952380952381,0.0,7.523809523809524,0.5952380952380952
25877,,Taiwan*,Taiwan*,84.30952380952381,0.07142857142857142,95.38095238095238,0.38095238095238093,139.95238095238096,2.0476190476190474,7.476190476190476,0.07142857142857142,18.547619047619047,0.47619047619047616
25990,,Tanzania,Tanzania,42.73809523809524,2.5238095238095237,33.666666666666664,0.9761904761904762,912.2142857142857,38.73809523809524,139.64285714285714,4.571428571428571,126.21428571428571,3.8095238095238093
26103,,Thailand,Thailand,89.83333333333333,2.3333333333333335,124.30952380952381,1.7142857142857142,144.4047619047619,1.0476190476190477,103.02380952380952,3.5238095238095237,352.35714285714283,13.571428571428571
26216,,Timor-Leste,Timor-Leste,2.2142857142857144,0.0,8.214285714285714,0.0,370.4761904761905,0.0,2.738095238095238,0.0,4.880952380952381,0.0
26329,,Togo,Togo,23.666666666666668,1.8333333333333333,16.285714285714285,0.7380952380952381,16.142857142857142,1.4285714285714286,23.666666666666668,1.8333333333333333,11.404761904761905,1.3333333333333333
26442,,Trinidad and Tobago,Trinidad and Tobago,0.9523809523809523,0.0,3.619047619047619,0.0,0.9523809523809523,0.0,0.9523809523809523,0.0,10.80952380952381,1.8571428571428572
26555,,Tunisia,Tunisia,50.95238095238095,1.0952380952380953,78.19047619047619,5.190476190476191,98.52380952380952,4.880952380952381,60.142857142857146,1.9523809523809523,121.66666666666667,10.261904761904763
26668,,Turkey,Turkey,8599.42857142857,206.4047619047619,8659.261904761905,235.38095238095238,17228.690476190477,196.3095238095238,19865.261904761905,671.7619047619048,9423.0,109.52380952380952
26781,Alabama,US,"Alabama, US",624.8333333333334,15.904761904761905,324.92857142857144,13.095238095238095,96.0,26.428571428571427,1610.0,77.54761904761905,144.11904761904762,29.785714285714285
26894,Alaska,US,"Alaska, US",16.452380952380953,0.19047619047619047,21.214285714285715,1.2380952380952381,23.11904761904762,1.119047619047619,22.69047619047619,0.19047619047619047,66.71428571428571,3.261904761904762
27007,Arizona,US,"Arizona, US",1116.2857142857142,32.45238095238095,396.14285714285717,38.30952380952381,1540.857142857143,29.595238095238095,1937.6190476190477,104.61904761904762,780.5952380952381,47.642857142857146
27120,Arkansas,US,"Arkansas, US",522.0952380952381,11.380952380952381,460.42857142857144,9.928571428571429,443.04761904761904,7.904761904761905,855.0238095238095,16.857142857142858,340.0,5.190476190476191
27233,California,US,"California, US",4640.666666666667,248.71428571428572,3922.595238095238,124.66666666666667,2621.1428571428573,177.02380952380952,12319.57142857143,539.9761904761905,3673.6666666666665,220.5952380952381
27346,Colorado,US,"Colorado, US",2771.714285714286,92.69047619047619,594.3809523809524,65.73809523809524,4669.428571428572,163.23809523809524,3412.1428571428573,213.83333333333334,1062.0238095238096,79.88095238095238
27459,Connecticut,US,"Connecticut, US",5462.4047619047615,585.6666666666666,618.2142857142857,242.88095238095238,879.2857142857143,323.5,5900.785714285715,686.4761904761905,890.0952380952381,313.0
27572,Delaware,US,"Delaware, US",1355.0714285714287,47.5,330.92857142857144,25.5,284.8095238095238,25.261904761904763,1355.0714285714287,53.54761904761905,454.5,34.595238095238095
27685,District of Columbia,US,"District of Columbia, US",187.8095238095238,52.333333333333336,76.95238095238095,35.11904761904762,1335.142857142857,20.238095238095237,1113.142857142857,77.07142857142857,291.6666666666667,47.76190476190476
27798,Florida,US,"Florida, US",627.6666666666666,95.76190476190476,1583.595238095238,32.30952380952381,2730.9285714285716,93.14285714285714,4968.0952380952385,319.6666666666667,2756.6666666666665,65.35714285714286
27911,Georgia,US,"Georgia, US",4132.666666666667,213.33333333333334,288.3809523809524,47.69047619047619,747.3333333333334,41.80952380952381,5300.476190476191,267.26190476190476,526.3809523809524,44.38095238095238
28024,Guam,US,"Guam, US",4.095238095238095,0.0,2.380952380952381,0.7619047619047619,3.9761904761904763,0.0,4.880952380952381,0.0,29.642857142857142,0.9761904761904762
28137,Hawaii,US,"Hawaii, US",55.73809523809524,2.1666666666666665,86.52380952380952,0.7380952380952381,199.3095238095238,1.619047619047619,20.38095238095238,3.0238095238095237,123.16666666666667,1.4047619047619047
28250,Idaho,US,"Idaho, US",91.07142857142857,8.571428571428571,16.166666666666668,5.142857142857143,147.07142857142858,1.8571428571428572,204.33333333333334,9.666666666666666,232.11904761904762,7.476190476190476
28363,Illinois,US,"Illinois, US",14294.880952380952,185.45238095238096,5086.9047619047615,91.54761904761905,1130.6190476190477,48.166666666666664,15471.02380952381,701.2142857142857,6459.547619047619,280.42857142857144
28476,Indiana,US,"Indiana, US",1144.7380952380952,260.8333333333333,429.04761904761904,188.57142857142858,4505.119047619048,136.4047619047619,4306.142857142857,309.9047619047619,1043.1190476190477,113.71428571428571
28589,Iowa,US,"Iowa, US",1008.1428571428571,27.357142857142858,691.1904761904761,18.88095238095238,6084.809523809524,176.42857142857142,3016.8809523809523,58.523809523809526,2415.6428571428573,37.142857142857146
28702,Kansas,US,"Kansas, US",1002.2142857142857,1.7142857142857142,950.0,5.238095238095238,358.23809523809524,55.5,1635.404761904762,29.142857142857142,1112.9761904761904,5.642857142857143
28815,Kentucky,US,"Kentucky, US",185.92857142857142,5.119047619047619,56.095238095238095,6.261904761904762,5838.380952380952,287.64285714285717,1171.3809523809523,58.11904761904762,422.45238095238096,6.428571428571429
28928,Louisiana,US,"Louisiana, US",2148.3809523809523,215.85714285714286,204.45238095238096,30.833333333333332,925.3809523809524,170.76190476190476,2710.7619047619046,367.45238095238096,5464.785714285715,77.45238095238095
29041,Maine,US,"Maine, US",75.23809523809524,6.523809523809524,24.714285714285715,4.261904761904762,19.61904761904762,4.119047619047619,169.1904761904762,11.571428571428571,52.23809523809524,3.619047619047619
29154,Maryland,US,"Maryland, US",2611.2380952380954,222.26190476190476,1723.5238095238096,145.28571428571428,180.04761904761904,191.71428571428572,6346.0952380952385,421.5,2061.0476190476193,296.0238095238095
29267,Massachusetts,US,"Massachusetts, US",3853.095238095238,37.19047619047619,1567.452380952381,308.42857142857144,12643.880952380952,228.52380952380952,14352.595238095239,1130.904761904762,3003.0714285714284,782.1904761904761
29380,Michigan,US,"Michigan, US",1898.357142857143,138.04761904761904,970.4285714285714,74.04761904761905,541.6428571428571,363.5952380952381,5799.333333333333,803.7380952380952,4113.5952380952385,110.92857142857143
29493,Minnesota,US,"Minnesota, US",1524.3095238095239,73.5952380952381,1466.5238095238096,52.095238095238095,3616.8571428571427,208.64285714285714,2456.5476190476193,143.38095238095238,1941.5714285714287,113.33333333333333
29606,Mississippi,US,"Mississippi, US",182.92857142857142,27.333333333333332,87.88095238095238,17.61904761904762,1760.142857142857,47.023809523809526,1729.047619047619,82.85714285714286,623.4285714285714,32.54761904761905
29719,Missouri,US,"Missouri, US",77.61904761904762,54.23809523809524,64.42857142857143,24.404761904761905,125.11904761904762,45.904761904761905,1441.357142857143,99.95238095238095,373.4761904761905,24.357142857142858
29832,Montana,US,"Montana, US",30.80952380952381,2.880952380952381,33.19047619047619,0.8571428571428571,41.785714285714285,1.6666666666666667,10.571428571428571,2.880952380952381,96.45238095238095,2.880952380952381
29945,Nebraska,US,"Nebraska, US",910.5,13.095238095238095,535.1666666666666,10.142857142857142,30190.95238095238,589.5,2083.3809523809523,23.642857142857142,1820.7857142857142,16.095238095238095
30058,Nevada,US,"Nevada, US",58.142857142857146,12.80952380952381,121.21428571428571,3.380952380952381,228.4047619047619,6.333333333333333,855.0,51.523809523809526,163.5,4.690476190476191
30171,New Hampshire,US,"New Hampshire, US",547.452380952381,26.452380952380953,61.285714285714285,13.571428571428571,812.2142857142857,10.19047619047619,551.4285714285714,27.0,212.47619047619048,12.285714285714286
30284,New Jersey,US,"New Jersey, US",4874.333333333333,397.4047619047619,4902.571428571428,331.4761904761905,14052.166666666666,158.35714285714286,19944.880952380954,1707.9761904761904,5198.523809523809,367.1190476190476
30397,New Mexico,US,"New Mexico, US",368.54761904761904,15.071428571428571,272.7142857142857,6.404761904761905,1311.357142857143,24.214285714285715,1014.0,46.88095238095238,482.85714285714283,35.357142857142854
30510,New York,US,"New York, US",4529.047619047619,2111.8571428571427,22581.785714285714,5066.9047619047615,45783.119047619046,2610.1666666666665,32570.928571428572,3175.285714285714,35211.119047619046,2843.4285714285716
30623,North Carolina,US,"North Carolina, US",580.4761904761905,86.64285714285714,487.26190476190476,29.857142857142858,365.1190476190476,32.666666666666664,2696.7619047619046,125.5,850.5238095238095,72.73809523809524
30736,North Dakota,US,"North Dakota, US",57.11904761904762,8.571428571428571,267.1666666666667,6.523809523809524,11581.642857142857,174.47619047619048,305.2857142857143,8.571428571428571,240.33333333333334,5.285714285714286
30849,Ohio,US,"Ohio, US",4898.666666666667,221.28571428571428,5527.547619047619,116.45238095238095,66274.78571428571,2565.3571428571427,4329.5952380952385,300.6666666666667,2312.690476190476,153.73809523809524
30962,Oklahoma,US,"Oklahoma, US",229.21428571428572,43.285714285714285,194.73809523809524,11.30952380952381,179.26190476190476,20.952380952380953,693.3571428571429,48.92857142857143,111.19047619047619,5.380952380952381
31075,Oregon,US,"Oregon, US",56.69047619047619,6.619047619047619,31.333333333333332,6.0476190476190474,191.45238095238096,5.833333333333333,420.3809523809524,17.857142857142858,68.4047619047619,5.523809523809524
31188,Pennsylvania,US,"Pennsylvania, US",477.0238095238095,421.8333333333333,540.0,861.6190476190476,7251.952380952381,168.92857142857142,9271.904761904761,809.8095238095239,1766.7619047619048,538.6666666666666
31301,Puerto Rico,US,"Puerto Rico, US",65.88095238095238,14.547619047619047,91.47619047619048,2.738095238095238,1597.1190476190477,79.35714285714286,289.0,17.0,72.47619047619048,5.690476190476191
31414,Rhode Island,US,"Rhode Island, US",2258.6428571428573,13.833333333333334,208.78571428571428,44.76190476190476,4801.047619047619,141.3095238095238,2369.095238095238,86.95238095238095,994.2857142857143,58.92857142857143
31527,South Carolina,US,"South Carolina, US",44.23809523809524,43.0,33.285714285714285,38.76190476190476,879.9761904761905,18.595238095238095,1095.4761904761904,72.38095238095238,158.5,32.0
31640,South Dakota,US,"South Dakota, US",87.30952380952381,7.785714285714286,164.57142857142858,6.5,923.6666666666666,1.9047619047619047,563.6904761904761,7.785714285714286,113.54761904761905,5.261904761904762
31753,Tennessee,US,"Tennessee, US",1198.5714285714287,8.785714285714286,916.8095238095239,1.9523809523809523,3635.0714285714284,98.85714285714286,2726.4285714285716,34.285714285714285,1184.3095238095239,20.357142857142858
31866,Texas,US,"Texas, US",3023.9285714285716,127.33333333333333,1773.3333333333333,60.714285714285715,1480.547619047619,9.452380952380953,6491.690476190476,196.9047619047619,627.1190476190476,40.26190476190476
31979,Utah,US,"Utah, US",459.3809523809524,6.833333333333333,180.33333333333334,3.5,1294.9761904761904,8.19047619047619,1054.142857142857,13.166666666666666,306.04761904761904,7.428571428571429
32092,Vermont,US,"Vermont, US",10.642857142857142,5.071428571428571,56.023809523809526,4.0476190476190474,66.78571428571429,1.4761904761904763,37.61904761904762,6.095238095238095,211.11904761904762,2.2857142857142856
32205,Virgin Islands,US,"Virgin Islands, US",4.714285714285714,0.5476190476190477,1.119047619047619,0.8809523809523809,3.0952380952380953,0.19047619047619047,5.214285714285714,0.5476190476190477,5.714285714285714,0.40476190476190477
32318,Virginia,US,"Virginia, US",1502.2857142857142,65.33333333333333,1172.7619047619048,36.142857142857146,1192.1904761904761,21.595238095238095,5062.285714285715,188.23809523809524,2560.190476190476,118.5
32431,Washington,US,"Washington, US",660.6190476190476,5.476190476190476,1468.3095238095239,33.69047619047619,5208.666666666667,241.38095238095238,1468.8809523809523,104.83333333333333,1256.0,63.54761904761905
32544,West Virginia,US,"West Virginia, US",130.85714285714286,5.309523809523809,210.61904761904762,1.7142857142857142,1451.8333333333333,20.095238095238095,155.16666666666666,14.095238095238095,100.52380952380952,10.571428571428571
32657,Wisconsin,US,"Wisconsin, US",776.0714285714286,21.19047619047619,728.2380952380952,2.261904761904762,135.04761904761904,35.595238095238095,1832.1666666666667,61.07142857142857,771.7380952380952,21.357142857142858
32770,Wyoming,US,"Wyoming, US",120.16666666666667,2.5952380952380953,102.11904761904762,1.3333333333333333,100.66666666666667,2.3333333333333335,141.95238095238096,2.5952380952380953,66.42857142857143,2.0238095238095237
32883,,Uganda,Uganda,20.904761904761905,0.0,21.714285714285715,0.0,20.714285714285715,0.0,20.714285714285715,0.0,16.047619047619047,0.0
32996,,Ukraine,Ukraine,1315.404761904762,26.404761904761905,667.6190476190476,21.904761904761905,2661.3571428571427,71.97619047619048,3243.3809523809523,80.83333333333333,1903.595238095238,36.857142857142854
33109,,United Arab Emirates,United Arab Emirates,2012.9285714285713,36.5,1714.642857142857,28.285714285714285,666.3095238095239,26.976190476190474,3794.6428571428573,45.857142857142854,1452.547619047619,34.69047619047619
33222,Anguilla,United Kingdom,"Anguilla, United Kingdom",0.0,0.0,0.23809523809523808,0.0,0.0,0.0,0.0,0.0,0.07142857142857142,0.0
33335,Bermuda,United Kingdom,"Bermuda, United Kingdom",4.928571428571429,0.7619047619047619,12.071428571428571,0.23809523809523808,26.38095238095238,1.5714285714285714,14.095238095238095,0.7619047619047619,10.285714285714286,2.7857142857142856
33448,British Virgin Islands,United Kingdom,"British Virgin Islands, United Kingdom",1.2142857142857142,0.0,0.6904761904761905,0.5714285714285714,5.976190476190476,1.7380952380952381,1.2142857142857142,0.0,1.2619047619047619,0.5476190476190477
33561,Cayman Islands,United Kingdom,"Cayman Islands, United Kingdom",6.333333333333333,0.0,3.5238095238095237,0.0,1.2619047619047619,0.0,7.785714285714286,0.0,10.619047619047619,0.0
33674,Channel Islands,United Kingdom,"Channel Islands, United Kingdom",10.214285714285714,8.761904761904763,41.69047619047619,2.357142857142857,86.73809523809524,4.357142857142857,25.547619047619047,9.214285714285714,123.64285714285714,3.6666666666666665
33787,Falkland Islands (Malvinas),United Kingdom,"Falkland Islands (Malvinas), United Kingdom",0.9761904761904762,0.0,2.261904761904762,0.0,10.523809523809524,0.0,0.9761904761904762,0.0,5.261904761904762,0.0
33900,Gibraltar,United Kingdom,"Gibraltar, United Kingdom",4.309523809523809,0.0,2.4047619047619047,0.0,4.571428571428571,0.0,5.380952380952381,0.0,23.38095238095238,0.0
34013,Isle of Man,United Kingdom,"Isle of Man, United Kingdom",15.047619047619047,4.833333333333333,51.833333333333336,2.642857142857143,46.0,6.880952380952381,11.5,8.047619047619047,93.07142857142857,7.380952380952381
34126,Montserrat,United Kingdom,"Montserrat, United Kingdom",0.0,0.47619047619047616,1.7380952380952381,0.47619047619047616,0.0,0.47619047619047616,0.0,0.47619047619047616,3.7142857142857144,0.47619047619047616
34239,Turks and Caicos Islands,United Kingdom,"Turks and Caicos Islands, United Kingdom",0.40476190476190477,0.0,1.6428571428571428,0.0,0.40476190476190477,0.0,0.40476190476190477,0.0,2.857142857142857,0.5476190476190477
34352,,United Kingdom,United Kingdom,1925.7619047619048,3513.285714285714,6861.714285714285,2757.4761904761904,30308.166666666668,3683.6190476190477,33522.357142857145,7014.619047619048,2409.690476190476,1659.547619047619
34465,,Uruguay,Uruguay,50.38095238095238,2.2142857142857144,27.666666666666668,0.6904761904761905,27.404761904761905,1.7619047619047619,74.16666666666667,3.380952380952381,14.261904761904763,0.8809523809523809
34578,,Uzbekistan,Uzbekistan,99.95238095238095,1.6904761904761905,241.66666666666666,1.0952380952380953,484.2857142857143,0.7380952380952381,300.64285714285717,2.1904761904761907,302.3095238095238,1.0238095238095237
34691,,Venezuela,Venezuela,55.54761904761905,0.6904761904761905,75.38095238095238,0.4523809523809524,889.0952380952381,32.523809523809526,54.07142857142857,0.6904761904761905,43.69047619047619,2.142857142857143
34804,,Vietnam,Vietnam,4.0476190476190474,0.0,3.380952380952381,0.0,3.2857142857142856,0.0,4.0476190476190474,0.0,19.19047619047619,0.0
34917,,West Bank and Gaza,West Bank and Gaza,112.4047619047619,0.5952380952380952,192.9047619047619,1.1666666666666667,272.5238095238095,2.0476190476190474,60.23809523809524,0.5952380952380952,157.23809523809524,0.8809523809523809
35030,,Western Sahara,Western Sahara,0.0,0.0,0.4523809523809524,0.0,0.0,0.0,0.0,0.0,3.761904761904762,0.0
35143,,Zambia,Zambia,30.547619047619047,0.5476190476190477,23.047619047619047,0.5952380952380952,69.83333333333333,5.5,53.07142857142857,0.5476190476190477,51.523809523809526,0.40476190476190477
35256,,Zimbabwe,Zimbabwe,2.9047619047619047,0.5238095238095238,3.6904761904761907,0.16666666666666666,9.880952380952381,1.2142857142857142,4.619047619047619,0.5238095238095238,3.5,0.9761904761904762
