,forecastid,date,state,Deaths,Confirmed
0,0,2020-05-13,Kerala,0.0,5.0
1,1,2020-05-14,Kerala,0.0,10.0
2,2,2020-05-15,Kerala,0.0,26.0
3,3,2020-05-16,Kerala,0.0,16.0
4,4,2020-05-17,Kerala,0.0,11.0
5,5,2020-05-18,Kerala,0.0,14.0
6,6,2020-05-19,Kerala,0.0,29.0
7,7,2020-05-20,Kerala,18.0,54.0
8,8,2020-05-21,Kerala,22.0,65.0
9,9,2020-05-22,Kerala,27.0,80.0
10,10,2020-05-23,Kerala,38.0,115.0
11,11,2020-05-24,Kerala,65.0,196.0
12,12,2020-05-25,Kerala,107.0,322.0
13,13,2020-05-26,Kerala,154.0,461.0
14,14,2020-05-27,Kerala,223.0,669.0
15,15,2020-05-28,Kerala,340.0,1021.0
16,16,2020-05-29,Kerala,554.0,1661.0
17,17,2020-05-30,Kerala,893.0,2679.0
18,18,2020-05-31,Kerala,1386.0,4157.0
19,0,2020-05-13,Telengana,2.0,51.0
20,1,2020-05-14,Telengana,2.0,41.0
21,2,2020-05-15,Telengana,0.0,47.0
22,3,2020-05-16,Telengana,0.0,40.0
23,4,2020-05-17,Telengana,0.0,55.0
24,5,2020-05-18,Telengana,0.0,42.0
25,6,2020-05-19,Telengana,1.0,46.0
26,7,2020-05-20,Telengana,1.0,50.0
27,8,2020-05-21,Telengana,1.0,50.0
28,9,2020-05-22,Telengana,1.0,60.0
29,10,2020-05-23,Telengana,1.0,61.0
30,11,2020-05-24,Telengana,2.0,70.0
31,12,2020-05-25,Telengana,2.0,81.0
32,13,2020-05-26,Telengana,2.0,93.0
33,14,2020-05-27,Telengana,2.0,115.0
34,15,2020-05-28,Telengana,3.0,137.0
35,16,2020-05-29,Telengana,4.0,171.0
36,17,2020-05-30,Telengana,5.0,218.0
37,18,2020-05-31,Telengana,6.0,281.0
38,0,2020-05-13,Delhi,13.0,406.0
39,1,2020-05-14,Delhi,20.0,359.0
40,2,2020-05-15,Delhi,9.0,472.0
41,3,2020-05-16,Delhi,8.0,425.0
42,4,2020-05-17,Delhi,6.0,438.0
43,5,2020-05-18,Delhi,31.0,721.0
44,6,2020-05-19,Delhi,8.0,0.0
45,7,2020-05-20,Delhi,,0.0
46,8,2020-05-21,Delhi,,0.0
47,9,2020-05-22,Delhi,,0.0
48,10,2020-05-23,Delhi,,0.0
49,11,2020-05-24,Delhi,,0.0
50,12,2020-05-25,Delhi,,0.0
51,13,2020-05-26,Delhi,,0.0
52,14,2020-05-27,Delhi,,0.0
53,15,2020-05-28,Delhi,,0.0
54,16,2020-05-29,Delhi,,0.0
55,17,2020-05-30,Delhi,,0.0
56,18,2020-05-31,Delhi,,0.0
57,0,2020-05-13,Rajasthan,4.0,138.0
58,1,2020-05-14,Rajasthan,4.0,202.0
59,2,2020-05-15,Rajasthan,4.0,206.0
60,3,2020-05-16,Rajasthan,0.0,193.0
61,4,2020-05-17,Rajasthan,1.0,233.0
62,5,2020-05-18,Rajasthan,5.0,242.0
63,6,2020-05-19,Rajasthan,7.0,305.0
64,7,2020-05-20,Rajasthan,8.0,339.0
65,8,2020-05-21,Rajasthan,8.0,370.0
66,9,2020-05-22,Rajasthan,10.0,440.0
67,10,2020-05-23,Rajasthan,12.0,503.0
68,11,2020-05-24,Rajasthan,14.0,617.0
69,12,2020-05-25,Rajasthan,17.0,731.0
70,13,2020-05-26,Rajasthan,20.0,868.0
71,14,2020-05-27,Rajasthan,24.0,1067.0
72,15,2020-05-28,Rajasthan,30.0,1304.0
73,16,2020-05-29,Rajasthan,38.0,1641.0
74,17,2020-05-30,Rajasthan,47.0,2056.0
75,18,2020-05-31,Rajasthan,60.0,2596.0
76,0,2020-05-13,Uttar Pradesh,2.0,91.0
77,1,2020-05-14,Uttar Pradesh,1.0,65.0
78,2,2020-05-15,Uttar Pradesh,5.0,173.0
79,3,2020-05-16,Uttar Pradesh,7.0,155.0
80,4,2020-05-17,Uttar Pradesh,9.0,201.0
81,5,2020-05-18,Uttar Pradesh,0.0,1.0
82,6,2020-05-19,Uttar Pradesh,14.0,346.0
83,7,2020-05-20,Uttar Pradesh,1171.0,28934.0
84,8,2020-05-21,Uttar Pradesh,111607.0,2758288.0
85,9,2020-05-22,Uttar Pradesh,12026471.0,297225650.0
86,10,2020-05-23,Uttar Pradesh,1438607001.0,35554144446.0
87,11,2020-05-24,Uttar Pradesh,355688478408.0,8790586680656.0
88,12,2020-05-25,Uttar Pradesh,61206962393204.0,1512686356289178.0
89,13,2020-05-26,Uttar Pradesh,1.152375329855528e+16,2.8480133152143763e+17
90,14,2020-05-27,Uttar Pradesh,2.3590375441548273e+18,5.83019278769693e+19
91,15,2020-05-28,Uttar Pradesh,5.212493131018737e+20,1.2882304452374877e+22
92,16,2020-05-29,Uttar Pradesh,1.4375716474719475e+23,3.552855643037813e+24
93,17,2020-05-30,Uttar Pradesh,3.7812719413458044e+25,9.345143512183202e+26
94,18,2020-05-31,Uttar Pradesh,1.061492118118664e+28,2.623401949064698e+29
95,0,2020-05-13,Haryana,0.0,50.0
96,1,2020-05-14,Haryana,0.0,13.0
97,2,2020-05-15,Haryana,0.0,25.0
98,3,2020-05-16,Haryana,0.0,0.0
99,4,2020-05-17,Haryana,2.0,69.0
100,5,2020-05-18,Haryana,1.0,23.0
101,6,2020-05-19,Haryana,0.0,18.0
102,7,2020-05-20,Haryana,1.0,23.0
103,8,2020-05-21,Haryana,1.0,14.0
104,9,2020-05-22,Haryana,1.0,13.0
105,10,2020-05-23,Haryana,0.0,10.0
106,11,2020-05-24,Haryana,0.0,9.0
107,12,2020-05-25,Haryana,0.0,9.0
108,13,2020-05-26,Haryana,0.0,8.0
109,14,2020-05-27,Haryana,0.0,8.0
110,15,2020-05-28,Haryana,0.0,7.0
111,16,2020-05-29,Haryana,0.0,6.0
112,17,2020-05-30,Haryana,0.0,6.0
113,18,2020-05-31,Haryana,0.0,5.0
114,0,2020-05-13,Ladakh,0.0,0.0
115,1,2020-05-14,Ladakh,0.0,1.0
116,2,2020-05-15,Ladakh,0.0,0.0
117,3,2020-05-16,Ladakh,0.0,0.0
118,4,2020-05-17,Ladakh,0.0,0.0
119,5,2020-05-18,Ladakh,0.0,0.0
120,6,2020-05-19,Ladakh,0.0,0.0
121,7,2020-05-20,Ladakh,0.0,0.0
122,8,2020-05-21,Ladakh,0.0,0.0
123,9,2020-05-22,Ladakh,0.0,0.0
124,10,2020-05-23,Ladakh,0.0,0.0
125,11,2020-05-24,Ladakh,0.0,0.0
126,12,2020-05-25,Ladakh,0.0,0.0
127,13,2020-05-26,Ladakh,0.0,0.0
128,14,2020-05-27,Ladakh,0.0,0.0
129,15,2020-05-28,Ladakh,0.0,0.0
130,16,2020-05-29,Ladakh,0.0,0.0
131,17,2020-05-30,Ladakh,0.0,0.0
132,18,2020-05-31,Ladakh,0.0,0.0
133,0,2020-05-13,Tamil Nadu,8.0,716.0
134,1,2020-05-14,Tamil Nadu,3.0,509.0
135,2,2020-05-15,Tamil Nadu,2.0,447.0
136,3,2020-05-16,Tamil Nadu,5.0,434.0
137,4,2020-05-17,Tamil Nadu,3.0,477.0
138,5,2020-05-18,Tamil Nadu,4.0,639.0
139,6,2020-05-19,Tamil Nadu,3.0,536.0
140,7,2020-05-20,Tamil Nadu,3.0,534.0
141,8,2020-05-21,Tamil Nadu,3.0,557.0
142,9,2020-05-22,Tamil Nadu,3.0,613.0
143,10,2020-05-23,Tamil Nadu,4.0,733.0
144,11,2020-05-24,Tamil Nadu,4.0,766.0
145,12,2020-05-25,Tamil Nadu,5.0,853.0
146,13,2020-05-26,Tamil Nadu,5.0,976.0
147,14,2020-05-27,Tamil Nadu,6.0,1151.0
148,15,2020-05-28,Tamil Nadu,8.0,1412.0
149,16,2020-05-29,Tamil Nadu,9.0,1682.0
150,17,2020-05-30,Tamil Nadu,12.0,2068.0
151,18,2020-05-31,Tamil Nadu,15.0,2596.0
152,0,2020-05-13,Karnataka,0.0,63.0
153,1,2020-05-14,Karnataka,2.0,34.0
154,2,2020-05-15,Karnataka,2.0,28.0
155,3,2020-05-16,Karnataka,1.0,69.0
156,4,2020-05-17,Karnataka,0.0,36.0
157,5,2020-05-18,Karnataka,1.0,55.0
158,6,2020-05-19,Karnataka,0.0,99.0
159,7,2020-05-20,Karnataka,2.0,118.0
160,8,2020-05-21,Karnataka,4.0,205.0
161,9,2020-05-22,Karnataka,4.0,223.0
162,10,2020-05-23,Karnataka,6.0,317.0
163,11,2020-05-24,Karnataka,9.0,480.0
164,12,2020-05-25,Karnataka,11.0,628.0
165,13,2020-05-26,Karnataka,17.0,937.0
166,14,2020-05-27,Karnataka,22.0,1195.0
167,15,2020-05-28,Karnataka,30.0,1658.0
168,16,2020-05-29,Karnataka,43.0,2350.0
169,17,2020-05-30,Karnataka,58.0,3171.0
170,18,2020-05-31,Karnataka,81.0,4472.0
171,0,2020-05-13,Maharashtra,53.0,1026.0
172,1,2020-05-14,Maharashtra,54.0,1495.0
173,2,2020-05-15,Maharashtra,44.0,1602.0
174,3,2020-05-16,Maharashtra,49.0,1576.0
175,4,2020-05-17,Maharashtra,67.0,1606.0
176,5,2020-05-18,Maharashtra,63.0,2347.0
177,6,2020-05-19,Maharashtra,51.0,2005.0
178,7,2020-05-20,Maharashtra,56.0,2185.0
179,8,2020-05-21,Maharashtra,59.0,2317.0
180,9,2020-05-22,Maharashtra,63.0,2485.0
181,10,2020-05-23,Maharashtra,77.0,3032.0
182,11,2020-05-24,Maharashtra,78.0,3086.0
183,12,2020-05-25,Maharashtra,86.0,3384.0
184,13,2020-05-26,Maharashtra,94.0,3678.0
185,14,2020-05-27,Maharashtra,102.0,4013.0
186,15,2020-05-28,Maharashtra,116.0,4577.0
187,16,2020-05-29,Maharashtra,125.0,4913.0
188,17,2020-05-30,Maharashtra,137.0,5403.0
189,18,2020-05-31,Maharashtra,151.0,5926.0
190,0,2020-05-13,Punjab,1.0,37.0
191,1,2020-05-14,Punjab,0.0,10.0
192,2,2020-05-15,Punjab,0.0,11.0
193,3,2020-05-16,Punjab,0.0,0.0
194,4,2020-05-17,Punjab,0.0,11.0
195,5,2020-05-18,Punjab,3.0,18.0
196,6,2020-05-19,Punjab,2.0,16.0
197,7,2020-05-20,Punjab,2.0,17.0
198,8,2020-05-21,Punjab,2.0,12.0
199,9,2020-05-22,Punjab,2.0,13.0
200,10,2020-05-23,Punjab,2.0,18.0
201,11,2020-05-24,Punjab,2.0,20.0
202,12,2020-05-25,Punjab,3.0,25.0
203,13,2020-05-26,Punjab,4.0,29.0
204,14,2020-05-27,Punjab,5.0,38.0
205,15,2020-05-28,Punjab,7.0,55.0
206,16,2020-05-29,Punjab,10.0,78.0
207,17,2020-05-30,Punjab,14.0,116.0
208,18,2020-05-31,Punjab,22.0,174.0
209,0,2020-05-13,Jammu and Kashmir,0.0,55.0
210,1,2020-05-14,Jammu and Kashmir,1.0,37.0
211,2,2020-05-15,Jammu and Kashmir,0.0,12.0
212,3,2020-05-16,Jammu and Kashmir,0.0,30.0
213,4,2020-05-17,Jammu and Kashmir,1.0,108.0
214,5,2020-05-18,Jammu and Kashmir,1.0,62.0
215,6,2020-05-19,Jammu and Kashmir,2.0,106.0
216,7,2020-05-20,Jammu and Kashmir,2.0,132.0
217,8,2020-05-21,Jammu and Kashmir,5.0,259.0
218,9,2020-05-22,Jammu and Kashmir,11.0,600.0
219,10,2020-05-23,Jammu and Kashmir,15.0,778.0
220,11,2020-05-24,Jammu and Kashmir,24.0,1294.0
221,12,2020-05-25,Jammu and Kashmir,37.0,1937.0
222,13,2020-05-26,Jammu and Kashmir,63.0,3339.0
223,14,2020-05-27,Jammu and Kashmir,115.0,6113.0
224,15,2020-05-28,Jammu and Kashmir,171.0,9043.0
225,16,2020-05-29,Jammu and Kashmir,271.0,14381.0
226,17,2020-05-30,Jammu and Kashmir,413.0,21911.0
227,18,2020-05-31,Jammu and Kashmir,656.0,34788.0
228,0,2020-05-13,Andhra Pradesh,1.0,72.0
229,1,2020-05-14,Andhra Pradesh,1.0,47.0
230,2,2020-05-15,Andhra Pradesh,1.0,68.0
231,3,2020-05-16,Andhra Pradesh,0.0,102.0
232,4,2020-05-17,Andhra Pradesh,1.0,48.0
233,5,2020-05-18,Andhra Pradesh,1.0,52.0
234,6,2020-05-19,Andhra Pradesh,0.0,67.0
235,7,2020-05-20,Andhra Pradesh,2.0,81.0
236,8,2020-05-21,Andhra Pradesh,2.0,100.0
237,9,2020-05-22,Andhra Pradesh,2.0,89.0
238,10,2020-05-23,Andhra Pradesh,2.0,97.0
239,11,2020-05-24,Andhra Pradesh,2.0,113.0
240,12,2020-05-25,Andhra Pradesh,2.0,128.0
241,13,2020-05-26,Andhra Pradesh,3.0,146.0
242,14,2020-05-27,Andhra Pradesh,3.0,150.0
243,15,2020-05-28,Andhra Pradesh,3.0,164.0
244,16,2020-05-29,Andhra Pradesh,4.0,183.0
245,17,2020-05-30,Andhra Pradesh,4.0,203.0
246,18,2020-05-31,Andhra Pradesh,4.0,225.0
247,0,2020-05-13,Uttarakhand,0.0,1.0
248,1,2020-05-14,Uttarakhand,0.0,3.0
249,2,2020-05-15,Uttarakhand,0.0,6.0
250,3,2020-05-16,Uttarakhand,0.0,4.0
251,4,2020-05-17,Uttarakhand,0.0,6.0
252,5,2020-05-18,Uttarakhand,0.0,4.0
253,6,2020-05-19,Uttarakhand,0.0,1.0
254,7,2020-05-20,Uttarakhand,1.0,1.0
255,8,2020-05-21,Uttarakhand,1.0,1.0
256,9,2020-05-22,Uttarakhand,1.0,1.0
257,10,2020-05-23,Uttarakhand,1.0,1.0
258,11,2020-05-24,Uttarakhand,1.0,1.0
259,12,2020-05-25,Uttarakhand,1.0,1.0
260,13,2020-05-26,Uttarakhand,1.0,1.0
261,14,2020-05-27,Uttarakhand,1.0,1.0
262,15,2020-05-28,Uttarakhand,1.0,1.0
263,16,2020-05-29,Uttarakhand,1.0,1.0
264,17,2020-05-30,Uttarakhand,1.0,1.0
265,18,2020-05-31,Uttarakhand,1.0,1.0
266,0,2020-05-13,Odisha,0.0,23.0
267,1,2020-05-14,Odisha,0.0,101.0
268,2,2020-05-15,Odisha,0.0,73.0
269,3,2020-05-16,Odisha,0.0,61.0
270,4,2020-05-17,Odisha,0.0,65.0
271,5,2020-05-18,Odisha,1.0,91.0
272,6,2020-05-19,Odisha,0.0,48.0
273,7,2020-05-20,Odisha,1.0,49.0
274,8,2020-05-21,Odisha,1.0,52.0
275,9,2020-05-22,Odisha,1.0,59.0
276,10,2020-05-23,Odisha,1.0,74.0
277,11,2020-05-24,Odisha,1.0,71.0
278,12,2020-05-25,Odisha,1.0,80.0
279,13,2020-05-26,Odisha,1.0,92.0
280,14,2020-05-27,Odisha,1.0,108.0
281,15,2020-05-28,Odisha,1.0,130.0
282,16,2020-05-29,Odisha,2.0,144.0
283,17,2020-05-30,Odisha,2.0,168.0
284,18,2020-05-31,Odisha,2.0,197.0
285,0,2020-05-13,Puducherry,1.0,1.0
286,1,2020-05-14,Puducherry,0.0,0.0
287,2,2020-05-15,Puducherry,0.0,0.0
288,3,2020-05-16,Puducherry,0.0,0.0
289,4,2020-05-17,Puducherry,0.0,0.0
290,5,2020-05-18,Puducherry,0.0,0.0
291,6,2020-05-19,Puducherry,0.0,5.0
292,7,2020-05-20,Puducherry,5.0,5.0
293,8,2020-05-21,Puducherry,5.0,5.0
294,9,2020-05-22,Puducherry,6.0,6.0
295,10,2020-05-23,Puducherry,7.0,7.0
296,11,2020-05-24,Puducherry,9.0,9.0
297,12,2020-05-25,Puducherry,12.0,12.0
298,13,2020-05-26,Puducherry,16.0,16.0
299,14,2020-05-27,Puducherry,23.0,23.0
300,15,2020-05-28,Puducherry,34.0,34.0
301,16,2020-05-29,Puducherry,52.0,52.0
302,17,2020-05-30,Puducherry,83.0,83.0
303,18,2020-05-31,Puducherry,139.0,139.0
304,0,2020-05-13,West Bengal,8.0,110.0
305,1,2020-05-14,West Bengal,9.0,117.0
306,2,2020-05-15,West Bengal,8.0,87.0
307,3,2020-05-16,West Bengal,10.0,84.0
308,4,2020-05-17,West Bengal,7.0,115.0
309,5,2020-05-18,West Bengal,6.0,101.0
310,6,2020-05-19,West Bengal,6.0,148.0
311,7,2020-05-20,West Bengal,6.0,155.0
312,8,2020-05-21,West Bengal,7.0,177.0
313,9,2020-05-22,West Bengal,9.0,230.0
314,10,2020-05-23,West Bengal,11.0,267.0
315,11,2020-05-24,West Bengal,15.0,368.0
316,12,2020-05-25,West Bengal,19.0,465.0
317,13,2020-05-26,West Bengal,25.0,614.0
318,14,2020-05-27,West Bengal,35.0,857.0
319,15,2020-05-28,West Bengal,48.0,1177.0
320,16,2020-05-29,West Bengal,70.0,1730.0
321,17,2020-05-30,West Bengal,102.0,2517.0
322,18,2020-05-31,West Bengal,153.0,3769.0
323,0,2020-05-13,Chhattisgarh,0.0,0.0
324,1,2020-05-14,Chhattisgarh,0.0,0.0
325,2,2020-05-15,Chhattisgarh,0.0,1.0
326,3,2020-05-16,Chhattisgarh,0.0,6.0
327,4,2020-05-17,Chhattisgarh,0.0,1.0
328,5,2020-05-18,Chhattisgarh,0.0,19.0
329,6,2020-05-19,Chhattisgarh,0.0,7.0
330,7,2020-05-20,Chhattisgarh,0.0,32.0
331,8,2020-05-21,Chhattisgarh,0.0,214.0
332,9,2020-05-22,Chhattisgarh,0.0,1102.0
333,10,2020-05-23,Chhattisgarh,0.0,13030.0
334,11,2020-05-24,Chhattisgarh,0.0,78300.0
335,12,2020-05-25,Chhattisgarh,0.0,612900.0
336,13,2020-05-26,Chhattisgarh,0.0,5461718.0
337,14,2020-05-27,Chhattisgarh,0.0,48015323.0
338,15,2020-05-28,Chhattisgarh,0.0,547949302.0
339,16,2020-05-29,Chhattisgarh,0.0,5408214597.0
340,17,2020-05-30,Chhattisgarh,0.0,58798896761.0
341,18,2020-05-31,Chhattisgarh,0.0,683799840484.0
342,0,2020-05-13,Chandigarh,1.0,13.0
343,1,2020-05-14,Chandigarh,0.0,0.0
344,2,2020-05-15,Chandigarh,0.0,4.0
345,3,2020-05-16,Chandigarh,0.0,0.0
346,4,2020-05-17,Chandigarh,0.0,0.0
347,5,2020-05-18,Chandigarh,0.0,0.0
348,6,2020-05-19,Chandigarh,0.0,5.0
349,7,2020-05-20,Chandigarh,0.0,5.0
350,8,2020-05-21,Chandigarh,0.0,3.0
351,9,2020-05-22,Chandigarh,0.0,3.0
352,10,2020-05-23,Chandigarh,0.0,3.0
353,11,2020-05-24,Chandigarh,0.0,3.0
354,12,2020-05-25,Chandigarh,0.0,3.0
355,13,2020-05-26,Chandigarh,0.0,3.0
356,14,2020-05-27,Chandigarh,0.0,3.0
357,15,2020-05-28,Chandigarh,0.0,3.0
358,16,2020-05-29,Chandigarh,0.0,3.0
359,17,2020-05-30,Chandigarh,0.0,3.0
360,18,2020-05-31,Chandigarh,0.0,3.0
361,0,2020-05-13,Gujarat,24.0,362.0
362,1,2020-05-14,Gujarat,29.0,364.0
363,2,2020-05-15,Gujarat,20.0,324.0
364,3,2020-05-16,Gujarat,20.0,340.0
365,4,2020-05-17,Gujarat,19.0,1057.0
366,5,2020-05-18,Gujarat,34.0,391.0
367,6,2020-05-19,Gujarat,35.0,366.0
368,7,2020-05-20,Gujarat,39.0,412.0
369,8,2020-05-21,Gujarat,47.0,489.0
370,9,2020-05-22,Gujarat,88.0,920.0
371,10,2020-05-23,Gujarat,86.0,898.0
372,11,2020-05-24,Gujarat,101.0,1052.0
373,12,2020-05-25,Gujarat,125.0,1308.0
374,13,2020-05-26,Gujarat,159.0,1662.0
375,14,2020-05-27,Gujarat,240.0,2509.0
376,15,2020-05-28,Gujarat,291.0,3048.0
377,16,2020-05-29,Gujarat,375.0,3925.0
378,17,2020-05-30,Gujarat,495.0,5177.0
379,18,2020-05-31,Gujarat,661.0,6914.0
380,0,2020-05-13,Himachal Pradesh,0.0,6.0
381,1,2020-05-14,Himachal Pradesh,0.0,1.0
382,2,2020-05-15,Himachal Pradesh,0.0,8.0
383,3,2020-05-16,Himachal Pradesh,1.0,2.0
384,4,2020-05-17,Himachal Pradesh,0.0,2.0
385,5,2020-05-18,Himachal Pradesh,0.0,2.0
386,6,2020-05-19,Himachal Pradesh,0.0,10.0
387,7,2020-05-20,Himachal Pradesh,22.0,45.0
388,8,2020-05-21,Himachal Pradesh,45.0,90.0
389,9,2020-05-22,Himachal Pradesh,104.0,208.0
390,10,2020-05-23,Himachal Pradesh,247.0,494.0
391,11,2020-05-24,Himachal Pradesh,931.0,1862.0
392,12,2020-05-25,Himachal Pradesh,3419.0,6838.0
393,13,2020-05-26,Himachal Pradesh,9893.0,19786.0
394,14,2020-05-27,Himachal Pradesh,30262.0,60523.0
395,15,2020-05-28,Himachal Pradesh,95048.0,190095.0
396,16,2020-05-29,Himachal Pradesh,348570.0,697141.0
397,17,2020-05-30,Himachal Pradesh,1288466.0,2576932.0
398,18,2020-05-31,Himachal Pradesh,4507358.0,9014717.0
399,0,2020-05-13,Madhya Pradesh,4.0,201.0
400,1,2020-05-14,Madhya Pradesh,7.0,187.0
401,2,2020-05-15,Madhya Pradesh,5.0,253.0
402,3,2020-05-16,Madhya Pradesh,2.0,169.0
403,4,2020-05-17,Madhya Pradesh,4.0,194.0
404,5,2020-05-18,Madhya Pradesh,5.0,188.0
405,6,2020-05-19,Madhya Pradesh,4.0,259.0
406,7,2020-05-20,Madhya Pradesh,5.0,311.0
407,8,2020-05-21,Madhya Pradesh,5.0,304.0
408,9,2020-05-22,Madhya Pradesh,5.0,347.0
409,10,2020-05-23,Madhya Pradesh,6.0,378.0
410,11,2020-05-24,Madhya Pradesh,7.0,465.0
411,12,2020-05-25,Madhya Pradesh,8.0,547.0
412,13,2020-05-26,Madhya Pradesh,9.0,606.0
413,14,2020-05-27,Madhya Pradesh,11.0,709.0
414,15,2020-05-28,Madhya Pradesh,13.0,820.0
415,16,2020-05-29,Madhya Pradesh,15.0,992.0
416,17,2020-05-30,Madhya Pradesh,18.0,1188.0
417,18,2020-05-31,Madhya Pradesh,22.0,1403.0
418,0,2020-05-13,Bihar,0.0,84.0
419,1,2020-05-14,Bihar,1.0,109.0
420,2,2020-05-15,Bihar,0.0,54.0
421,3,2020-05-16,Bihar,0.0,24.0
422,4,2020-05-17,Bihar,0.0,161.0
423,5,2020-05-18,Bihar,1.0,83.0
424,6,2020-05-19,Bihar,1.0,129.0
425,7,2020-05-20,Bihar,2.0,204.0
426,8,2020-05-21,Bihar,3.0,329.0
427,9,2020-05-22,Bihar,10.0,1235.0
428,10,2020-05-23,Bihar,17.0,2151.0
429,11,2020-05-24,Bihar,36.0,4604.0
430,12,2020-05-25,Bihar,79.0,10132.0
431,13,2020-05-26,Bihar,178.0,22942.0
432,14,2020-05-27,Bihar,539.0,69507.0
433,15,2020-05-28,Bihar,1299.0,167577.0
434,16,2020-05-29,Bihar,3372.0,434983.0
435,17,2020-05-30,Bihar,8996.0,1160476.0
436,18,2020-05-31,Bihar,24659.0,3181013.0
437,0,2020-05-13,Manipur,0.0,0.0
438,1,2020-05-14,Manipur,0.0,0.0
439,2,2020-05-15,Manipur,0.0,1.0
440,3,2020-05-16,Manipur,0.0,0.0
441,4,2020-05-17,Manipur,0.0,4.0
442,5,2020-05-18,Manipur,0.0,0.0
443,6,2020-05-19,Manipur,0.0,0.0
444,7,2020-05-20,Manipur,0.0,0.0
445,8,2020-05-21,Manipur,0.0,0.0
446,9,2020-05-22,Manipur,0.0,0.0
447,10,2020-05-23,Manipur,0.0,0.0
448,11,2020-05-24,Manipur,0.0,0.0
449,12,2020-05-25,Manipur,0.0,0.0
450,13,2020-05-26,Manipur,0.0,0.0
451,14,2020-05-27,Manipur,0.0,0.0
452,15,2020-05-28,Manipur,0.0,0.0
453,16,2020-05-29,Manipur,0.0,0.0
454,17,2020-05-30,Manipur,0.0,0.0
455,18,2020-05-31,Manipur,0.0,0.0
456,0,2020-05-13,Mizoram,0.0,0.0
457,1,2020-05-14,Mizoram,0.0,0.0
458,2,2020-05-15,Mizoram,0.0,0.0
459,3,2020-05-16,Mizoram,0.0,0.0
460,4,2020-05-17,Mizoram,0.0,0.0
461,5,2020-05-18,Mizoram,0.0,0.0
462,6,2020-05-19,Mizoram,0.0,0.0
463,7,2020-05-20,Mizoram,0.0,0.0
464,8,2020-05-21,Mizoram,0.0,0.0
465,9,2020-05-22,Mizoram,0.0,0.0
466,10,2020-05-23,Mizoram,0.0,0.0
467,11,2020-05-24,Mizoram,0.0,0.0
468,12,2020-05-25,Mizoram,0.0,0.0
469,13,2020-05-26,Mizoram,0.0,0.0
470,14,2020-05-27,Mizoram,0.0,0.0
471,15,2020-05-28,Mizoram,0.0,0.0
472,16,2020-05-29,Mizoram,0.0,0.0
473,17,2020-05-30,Mizoram,0.0,0.0
474,18,2020-05-31,Mizoram,0.0,0.0
475,0,2020-05-13,Andaman and Nicobar Islands,0.0,0.0
476,1,2020-05-14,Andaman and Nicobar Islands,0.0,0.0
477,2,2020-05-15,Andaman and Nicobar Islands,0.0,0.0
478,3,2020-05-16,Andaman and Nicobar Islands,0.0,0.0
479,4,2020-05-17,Andaman and Nicobar Islands,0.0,0.0
480,5,2020-05-18,Andaman and Nicobar Islands,0.0,0.0
481,6,2020-05-19,Andaman and Nicobar Islands,0.0,0.0
482,7,2020-05-20,Andaman and Nicobar Islands,0.0,0.0
483,8,2020-05-21,Andaman and Nicobar Islands,0.0,0.0
484,9,2020-05-22,Andaman and Nicobar Islands,0.0,0.0
485,10,2020-05-23,Andaman and Nicobar Islands,0.0,0.0
486,11,2020-05-24,Andaman and Nicobar Islands,0.0,0.0
487,12,2020-05-25,Andaman and Nicobar Islands,0.0,0.0
488,13,2020-05-26,Andaman and Nicobar Islands,0.0,0.0
489,14,2020-05-27,Andaman and Nicobar Islands,0.0,0.0
490,15,2020-05-28,Andaman and Nicobar Islands,0.0,0.0
491,16,2020-05-29,Andaman and Nicobar Islands,0.0,0.0
492,17,2020-05-30,Andaman and Nicobar Islands,0.0,0.0
493,18,2020-05-31,Andaman and Nicobar Islands,0.0,0.0
494,0,2020-05-13,Goa,0.0,0.0
495,1,2020-05-14,Goa,0.0,0.0
496,2,2020-05-15,Goa,0.0,7.0
497,3,2020-05-16,Goa,0.0,1.0
498,4,2020-05-17,Goa,0.0,2.0
499,5,2020-05-18,Goa,0.0,12.0
500,6,2020-05-19,Goa,0.0,9.0
501,7,2020-05-20,Goa,0.0,18.0
502,8,2020-05-21,Goa,0.0,32.0
503,9,2020-05-22,Goa,0.0,81.0
504,10,2020-05-23,Goa,0.0,323.0
505,11,2020-05-24,Goa,0.0,762.0
506,12,2020-05-25,Goa,0.0,2196.0
507,13,2020-05-26,Goa,0.0,6478.0
508,14,2020-05-27,Goa,0.0,21499.0
509,15,2020-05-28,Goa,0.0,84402.0
510,16,2020-05-29,Goa,0.0,295850.0
511,17,2020-05-30,Goa,0.0,1124742.0
512,18,2020-05-31,Goa,0.0,4438501.0
513,0,2020-05-13,Assam,0.0,0.0
514,1,2020-05-14,Assam,0.0,15.0
515,2,2020-05-15,Assam,0.0,7.0
516,3,2020-05-16,Assam,0.0,3.0
517,4,2020-05-17,Assam,0.0,2.0
518,5,2020-05-18,Assam,0.0,9.0
519,6,2020-05-19,Assam,0.0,6.0
520,7,2020-05-20,Assam,2.0,8.0
521,8,2020-05-21,Assam,3.0,11.0
522,9,2020-05-22,Assam,4.0,18.0
523,10,2020-05-23,Assam,14.0,54.0
524,11,2020-05-24,Assam,25.0,99.0
525,12,2020-05-25,Assam,54.0,214.0
526,13,2020-05-26,Assam,124.0,494.0
527,14,2020-05-27,Assam,306.0,1225.0
528,15,2020-05-28,Assam,934.0,3738.0
529,16,2020-05-29,Assam,2590.0,10359.0
530,17,2020-05-30,Assam,7746.0,30984.0
531,18,2020-05-31,Assam,24383.0,97533.0
532,0,2020-05-13,Jharkhand,0.0,12.0
533,1,2020-05-14,Jharkhand,0.0,1.0
534,2,2020-05-15,Jharkhand,0.0,24.0
535,3,2020-05-16,Jharkhand,0.0,6.0
536,4,2020-05-17,Jharkhand,0.0,14.0
537,5,2020-05-18,Jharkhand,0.0,6.0
538,6,2020-05-19,Jharkhand,0.0,0.0
539,7,2020-05-20,Jharkhand,,0.0
540,8,2020-05-21,Jharkhand,,0.0
541,9,2020-05-22,Jharkhand,,0.0
542,10,2020-05-23,Jharkhand,,0.0
543,11,2020-05-24,Jharkhand,,0.0
544,12,2020-05-25,Jharkhand,,0.0
545,13,2020-05-26,Jharkhand,,0.0
546,14,2020-05-27,Jharkhand,,0.0
547,15,2020-05-28,Jharkhand,,0.0
548,16,2020-05-29,Jharkhand,,0.0
549,17,2020-05-30,Jharkhand,,0.0
550,18,2020-05-31,Jharkhand,,0.0
551,0,2020-05-13,Arunachal Pradesh,0.0,0.0
552,1,2020-05-14,Arunachal Pradesh,0.0,0.0
553,2,2020-05-15,Arunachal Pradesh,0.0,0.0
554,3,2020-05-16,Arunachal Pradesh,0.0,0.0
555,4,2020-05-17,Arunachal Pradesh,0.0,0.0
556,5,2020-05-18,Arunachal Pradesh,0.0,0.0
557,6,2020-05-19,Arunachal Pradesh,0.0,0.0
558,7,2020-05-20,Arunachal Pradesh,0.0,0.0
559,8,2020-05-21,Arunachal Pradesh,0.0,0.0
560,9,2020-05-22,Arunachal Pradesh,0.0,0.0
561,10,2020-05-23,Arunachal Pradesh,0.0,0.0
562,11,2020-05-24,Arunachal Pradesh,0.0,0.0
563,12,2020-05-25,Arunachal Pradesh,0.0,0.0
564,13,2020-05-26,Arunachal Pradesh,0.0,0.0
565,14,2020-05-27,Arunachal Pradesh,0.0,0.0
566,15,2020-05-28,Arunachal Pradesh,0.0,0.0
567,16,2020-05-29,Arunachal Pradesh,0.0,0.0
568,17,2020-05-30,Arunachal Pradesh,0.0,0.0
569,18,2020-05-31,Arunachal Pradesh,0.0,0.0
570,0,2020-05-13,Tripura,0.0,2.0
571,1,2020-05-14,Tripura,0.0,1.0
572,2,2020-05-15,Tripura,0.0,1.0
573,3,2020-05-16,Tripura,0.0,0.0
574,4,2020-05-17,Tripura,0.0,11.0
575,5,2020-05-18,Tripura,0.0,0.0
576,6,2020-05-19,Tripura,0.0,0.0
577,7,2020-05-20,Tripura,0.0,0.0
578,8,2020-05-21,Tripura,0.0,0.0
579,9,2020-05-22,Tripura,0.0,0.0
580,10,2020-05-23,Tripura,0.0,0.0
581,11,2020-05-24,Tripura,0.0,0.0
582,12,2020-05-25,Tripura,0.0,0.0
583,13,2020-05-26,Tripura,0.0,0.0
584,14,2020-05-27,Tripura,0.0,0.0
585,15,2020-05-28,Tripura,0.0,0.0
586,16,2020-05-29,Tripura,0.0,0.0
587,17,2020-05-30,Tripura,0.0,0.0
588,18,2020-05-31,Tripura,0.0,0.0
589,0,2020-05-13,Meghalaya,0.0,0.0
590,1,2020-05-14,Meghalaya,0.0,0.0
591,2,2020-05-15,Meghalaya,0.0,0.0
592,3,2020-05-16,Meghalaya,0.0,0.0
593,4,2020-05-17,Meghalaya,0.0,0.0
594,5,2020-05-18,Meghalaya,0.0,0.0
595,6,2020-05-19,Meghalaya,0.0,0.0
596,7,2020-05-20,Meghalaya,0.0,0.0
597,8,2020-05-21,Meghalaya,0.0,0.0
598,9,2020-05-22,Meghalaya,0.0,0.0
599,10,2020-05-23,Meghalaya,0.0,0.0
600,11,2020-05-24,Meghalaya,0.0,0.0
601,12,2020-05-25,Meghalaya,0.0,0.0
602,13,2020-05-26,Meghalaya,0.0,0.0
603,14,2020-05-27,Meghalaya,0.0,0.0
604,15,2020-05-28,Meghalaya,0.0,0.0
605,16,2020-05-29,Meghalaya,0.0,0.0
606,17,2020-05-30,Meghalaya,0.0,0.0
607,18,2020-05-31,Meghalaya,0.0,0.0
608,0,2020-05-13,Dadar Nagar Haveli,0.0,0.0
609,1,2020-05-14,Dadar Nagar Haveli,0.0,0.0
610,2,2020-05-15,Dadar Nagar Haveli,0.0,0.0
611,3,2020-05-16,Dadar Nagar Haveli,0.0,0.0
612,4,2020-05-17,Dadar Nagar Haveli,0.0,0.0
613,5,2020-05-18,Dadar Nagar Haveli,0.0,0.0
614,6,2020-05-19,Dadar Nagar Haveli,0.0,0.0
615,7,2020-05-20,Dadar Nagar Haveli,0.0,0.0
616,8,2020-05-21,Dadar Nagar Haveli,0.0,0.0
617,9,2020-05-22,Dadar Nagar Haveli,0.0,0.0
618,10,2020-05-23,Dadar Nagar Haveli,0.0,0.0
619,11,2020-05-24,Dadar Nagar Haveli,0.0,0.0
620,12,2020-05-25,Dadar Nagar Haveli,0.0,0.0
621,13,2020-05-26,Dadar Nagar Haveli,0.0,0.0
622,14,2020-05-27,Dadar Nagar Haveli,0.0,0.0
623,15,2020-05-28,Dadar Nagar Haveli,0.0,0.0
624,16,2020-05-29,Dadar Nagar Haveli,0.0,0.0
625,17,2020-05-30,Dadar Nagar Haveli,0.0,0.0
626,18,2020-05-31,Dadar Nagar Haveli,0.0,0.0
