,Date,State,LRII_Confirmed,Ridge_Confirmed,Lasso_Confirmed,Poly_Confirmed,LRII_Deaths,Ridge_Deaths,Lasso_Deaths,Poly_Deaths
0,2020-05-13,Kerala,19.0,-1.0,-2.0,-5494709.0,0.0,0.0,0.0,-2.0
1,2020-05-14,Kerala,20.0,-0.0,-1.0,-7735583.0,0.0,0.0,0.0,-2.0
2,2020-05-15,Kerala,20.0,-0.0,-1.0,-8413630.0,-0.0,0.0,0.0,-2.0
3,2020-05-16,Kerala,19.0,-2.0,-2.0,-4836319.0,0.0,0.0,0.0,-1.0
4,2020-05-17,Kerala,19.0,-2.0,-2.0,-883704.0,0.0,0.0,0.0,-1.0
5,2020-05-18,Kerala,19.0,2.0,-2.0,3348140.0,9924191.0,0.0,0.0,4.0
6,2020-05-19,Kerala,19.0,2.0,-2.0,-1007542.0,9924191.0,0.0,0.0,3.0
7,2020-05-20,Kerala,19.0,2.0,-2.0,557418.0,9924191.0,0.0,0.0,3.0
8,2020-05-21,Kerala,19.0,2.0,-2.0,43103.0,9924191.0,0.0,0.0,2.0
9,2020-05-22,Kerala,19.0,2.0,-2.0,-338526.0,9924191.0,0.0,0.0,2.0
10,2020-05-23,Kerala,19.0,1.0,-2.0,-1109251.0,9924191.0,0.0,0.0,2.0
11,2020-05-24,Kerala,19.0,1.0,-2.0,-1026923.0,9924191.0,0.0,0.0,1.0
12,2020-05-25,Kerala,20.0,2.0,-2.0,-3603865.0,9924191.0,0.0,0.0,4.0
13,2020-05-26,Kerala,20.0,2.0,-2.0,-3521539.0,9924191.0,0.0,0.0,4.0
14,2020-05-27,Kerala,20.0,2.0,-2.0,-3439213.0,9924191.0,0.0,0.0,3.0
15,2020-05-28,Kerala,20.0,2.0,-2.0,-3356887.0,9924191.0,0.0,0.0,3.0
16,2020-05-29,Kerala,21.0,2.0,-2.0,-3274560.0,9924191.0,0.0,0.0,3.0
17,2020-05-30,Kerala,20.0,1.0,-2.0,-4045285.0,9924191.0,0.0,0.0,2.0
18,2020-05-31,Kerala,20.0,1.0,-2.0,-3962957.0,9924191.0,0.0,0.0,2.0
0,2020-05-13,Telengana,-1082072037.0,4.0,-0.0,120.0,0.0,0.0,0.0,2264352389.0
1,2020-05-14,Telengana,-1082072039.0,2.0,-1.0,117.0,0.0,0.0,0.0,-99066874951.0
2,2020-05-15,Telengana,-1082072038.0,3.0,-1.0,55.0,1.0,1.0,0.0,-26268666163.0
3,2020-05-16,Telengana,-1082072042.0,-1.0,-4.0,-10.0,1.0,1.0,0.0,-8123553769.0
4,2020-05-17,Telengana,-1082072041.0,1.0,-3.0,-39.0,0.0,0.0,0.0,-86813191926.0
5,2020-05-18,Telengana,-1082072054.0,-5.0,-4.0,41.0,1.0,1.0,0.0,-201491294919.0
6,2020-05-19,Telengana,-1082072052.0,-3.0,-3.0,56.0,0.0,1.0,0.0,-113938301936.0
7,2020-05-20,Telengana,-1082072052.0,-4.0,-2.0,45.0,1.0,1.0,0.0,-150958777176.0
8,2020-05-21,Telengana,-1082072052.0,-3.0,-2.0,57.0,1.0,1.0,0.0,-149631100899.0
9,2020-05-22,Telengana,-1082072053.0,-4.0,-3.0,32.0,1.0,1.0,0.0,-148303424621.0
10,2020-05-23,Telengana,-1082072054.0,-4.0,-3.0,9.0,1.0,1.0,0.0,-153667673870.0
11,2020-05-24,Telengana,-1082072054.0,-4.0,-3.0,11.0,1.0,1.0,0.0,-152339997592.0
12,2020-05-25,Telengana,-1082072052.0,-3.0,-3.0,43.0,1.0,2.0,0.0,-180321669902.0
13,2020-05-26,Telengana,-1082072053.0,-3.0,-3.0,44.0,1.0,1.0,0.0,-178993993625.0
14,2020-05-27,Telengana,-1082072053.0,-4.0,-3.0,45.0,1.0,1.0,0.0,-177666317348.0
15,2020-05-28,Telengana,-1082072053.0,-4.0,-3.0,47.0,1.0,1.0,0.0,-176338641070.0
16,2020-05-29,Telengana,-1082072053.0,-4.0,-3.0,48.0,1.0,1.0,0.0,-175010964793.0
17,2020-05-30,Telengana,-1082072054.0,-4.0,-3.0,26.0,1.0,2.0,0.0,-180375214041.0
18,2020-05-31,Telengana,-1082072054.0,-4.0,-3.0,28.0,1.0,1.0,0.0,-179047537764.0
0,2020-05-13,Delhi,-47.0,-154.0,17.0,298.0,-0.0,0.0,1.0,6.0
1,2020-05-14,Delhi,-52.0,-156.0,16.0,269.0,0.0,0.0,1.0,19.0
2,2020-05-15,Delhi,-58.0,-158.0,15.0,319.0,0.0,0.0,1.0,7.0
3,2020-05-16,Delhi,28.0,-137.0,16.0,242.0,0.0,0.0,1.0,-17.0
4,2020-05-17,Delhi,23.0,-138.0,15.0,511.0,0.0,0.0,1.0,-12.0
5,2020-05-18,Delhi,-389.0,-207.0,14.0,282.0,1.0,1.0,1.0,4.0
6,2020-05-19,Delhi,-395.0,-209.0,14.0,248.0,2.0,1.0,1.0,9.0
7,2020-05-20,Delhi,-400.0,-210.0,14.0,213.0,1.0,1.0,1.0,5.0
8,2020-05-21,Delhi,-406.0,-212.0,14.0,253.0,1.0,1.0,2.0,4.0
9,2020-05-22,Delhi,-412.0,-215.0,14.0,240.0,1.0,1.0,2.0,4.0
10,2020-05-23,Delhi,-326.0,-194.0,14.0,392.0,2.0,1.0,2.0,-12.0
11,2020-05-24,Delhi,-332.0,-195.0,14.0,394.0,2.0,1.0,2.0,-12.0
12,2020-05-25,Delhi,-388.0,-208.0,14.0,251.0,1.0,1.0,1.0,6.0
13,2020-05-26,Delhi,-394.0,-210.0,14.0,254.0,1.0,1.0,2.0,5.0
14,2020-05-27,Delhi,-399.0,-211.0,14.0,256.0,1.0,1.0,2.0,5.0
15,2020-05-28,Delhi,-405.0,-213.0,14.0,258.0,1.0,1.0,2.0,5.0
16,2020-05-29,Delhi,-411.0,-215.0,14.0,260.0,1.0,1.0,2.0,4.0
17,2020-05-30,Delhi,-325.0,-194.0,14.0,412.0,2.0,1.0,2.0,-10.0
18,2020-05-31,Delhi,-331.0,-196.0,14.0,414.0,2.0,1.0,2.0,-11.0
0,2020-05-13,Rajasthan,46.0,-25.0,12.0,79.0,-3.0,-1.0,3.0,-3108139674.0
1,2020-05-14,Rajasthan,45.0,-25.0,12.0,291.0,-2.0,-1.0,3.0,890037200.0
2,2020-05-15,Rajasthan,41.0,-28.0,11.0,70.0,-2.0,-1.0,3.0,3073368741.0
3,2020-05-16,Rajasthan,82.0,-18.0,11.0,290.0,0.0,1.0,3.0,-6621263708.0
4,2020-05-17,Rajasthan,79.0,-20.0,11.0,337.0,0.0,0.0,3.0,12638878370.0
5,2020-05-18,Rajasthan,-5.0,-31.0,11.0,182.0,-42003441.0,2.0,3.0,480617775.0
6,2020-05-19,Rajasthan,-7.0,-32.0,11.0,197.0,-42003438.0,3.0,3.0,476695715.0
7,2020-05-20,Rajasthan,-10.0,-33.0,10.0,258.0,-42003439.0,3.0,3.0,361291552.0
8,2020-05-21,Rajasthan,-12.0,-34.0,10.0,450.0,-42003438.0,4.0,3.0,-2726836390.0
9,2020-05-22,Rajasthan,-16.0,-36.0,10.0,343.0,-42003437.0,4.0,3.0,2687545883.0
10,2020-05-23,Rajasthan,24.0,-27.0,10.0,256.0,-42003438.0,3.0,3.0,3435367206.0
11,2020-05-24,Rajasthan,22.0,-28.0,10.0,293.0,-42003438.0,3.0,4.0,3334009230.0
12,2020-05-25,Rajasthan,-7.0,-32.0,10.0,234.0,-42003437.0,4.0,4.0,2114617581.0
13,2020-05-26,Rajasthan,-9.0,-34.0,10.0,269.0,-42003437.0,4.0,4.0,2013259605.0
14,2020-05-27,Rajasthan,-11.0,-35.0,10.0,306.0,-42003437.0,4.0,4.0,1911901629.0
15,2020-05-28,Rajasthan,-14.0,-36.0,10.0,346.0,-42003437.0,4.0,4.0,1810543652.0
16,2020-05-29,Rajasthan,-16.0,-37.0,10.0,388.0,-42003437.0,4.0,4.0,1709185676.0
17,2020-05-30,Rajasthan,24.0,-28.0,10.0,296.0,-42003438.0,4.0,4.0,2457007000.0
18,2020-05-31,Rajasthan,22.0,-29.0,10.0,336.0,-42003438.0,4.0,4.0,2355649023.0
0,2020-05-13,Uttar Pradesh,91.0,-120.0,16.0,193.0,1.0,1.0,0.0,0.0
1,2020-05-14,Uttar Pradesh,90.0,-120.0,16.0,257.0,1.0,1.0,1.0,2.0
2,2020-05-15,Uttar Pradesh,89.0,-119.0,16.0,315.0,1.0,1.0,0.0,1.0
3,2020-05-16,Uttar Pradesh,139.0,-107.0,16.0,366.0,1.0,1.0,1.0,2.0
4,2020-05-17,Uttar Pradesh,138.0,-107.0,16.0,415.0,0.0,1.0,1.0,1.0
5,2020-05-18,Uttar Pradesh,-71.0,-116.0,16.0,450.0,6916271.0,2.0,1.0,1.0
6,2020-05-19,Uttar Pradesh,-72.0,-116.0,15.0,390.0,6916271.0,2.0,1.0,2.0
7,2020-05-20,Uttar Pradesh,-74.0,-115.0,15.0,529.0,6916271.0,2.0,2.0,3.0
8,2020-05-21,Uttar Pradesh,-76.0,-116.0,14.0,497.0,6916271.0,2.0,1.0,3.0
9,2020-05-22,Uttar Pradesh,-77.0,-115.0,14.0,539.0,6916271.0,2.0,2.0,3.0
10,2020-05-23,Uttar Pradesh,-28.0,-104.0,14.0,580.0,6916270.0,2.0,2.0,3.0
11,2020-05-24,Uttar Pradesh,-29.0,-103.0,14.0,636.0,6916270.0,2.0,2.0,2.0
12,2020-05-25,Uttar Pradesh,-71.0,-116.0,14.0,436.0,6916271.0,2.0,2.0,4.0
13,2020-05-26,Uttar Pradesh,-73.0,-116.0,14.0,490.0,6916271.0,2.0,2.0,4.0
14,2020-05-27,Uttar Pradesh,-74.0,-116.0,14.0,544.0,6916271.0,2.0,2.0,4.0
15,2020-05-28,Uttar Pradesh,-75.0,-115.0,14.0,599.0,6916271.0,2.0,2.0,4.0
16,2020-05-29,Uttar Pradesh,-77.0,-115.0,14.0,654.0,6916271.0,2.0,2.0,3.0
17,2020-05-30,Uttar Pradesh,-28.0,-103.0,14.0,695.0,6916271.0,2.0,2.0,3.0
18,2020-05-31,Uttar Pradesh,-29.0,-103.0,14.0,751.0,6916271.0,2.0,2.0,2.0
0,2020-05-13,Haryana,-40.0,-13.0,-5.0,11.0,-2.0,-1.0,-0.0,-3.0
1,2020-05-14,Haryana,-41.0,-13.0,-5.0,35.0,-2.0,-1.0,-0.0,-3.0
2,2020-05-15,Haryana,-41.0,-14.0,-6.0,38.0,-0.0,-0.0,-0.0,-2.0
3,2020-05-16,Haryana,-32.0,-9.0,-6.0,69.0,-0.0,-0.0,-0.0,-2.0
4,2020-05-17,Haryana,-32.0,-9.0,-6.0,62.0,-0.0,-0.0,-0.0,0.0
5,2020-05-18,Haryana,-34.0,-17.0,-6.0,33.0,2973667.0,-1.0,-0.0,-3.0
6,2020-05-19,Haryana,-35.0,-17.0,-6.0,43.0,2973667.0,-1.0,-0.0,-3.0
7,2020-05-20,Haryana,-35.0,-17.0,-6.0,47.0,2973667.0,-0.0,-0.0,-3.0
8,2020-05-21,Haryana,-35.0,-17.0,-6.0,56.0,2973668.0,-0.0,-0.0,-3.0
9,2020-05-22,Haryana,-36.0,-17.0,-6.0,61.0,2973668.0,0.0,-0.0,-3.0
10,2020-05-23,Haryana,-26.0,-12.0,-6.0,60.0,2973668.0,0.0,-0.0,-3.0
11,2020-05-24,Haryana,-27.0,-13.0,-6.0,63.0,2973668.0,0.0,-0.0,-2.0
12,2020-05-25,Haryana,-34.0,-17.0,-6.0,58.0,2973668.0,0.0,-0.0,-4.0
13,2020-05-26,Haryana,-35.0,-17.0,-6.0,60.0,2973668.0,0.0,-0.0,-4.0
14,2020-05-27,Haryana,-35.0,-17.0,-6.0,63.0,2973668.0,0.0,-0.0,-3.0
15,2020-05-28,Haryana,-36.0,-17.0,-6.0,66.0,2973668.0,0.0,-0.0,-3.0
16,2020-05-29,Haryana,-36.0,-17.0,-6.0,70.0,2973668.0,0.0,-0.0,-3.0
17,2020-05-30,Haryana,-26.0,-12.0,-6.0,68.0,2973668.0,0.0,-0.0,-2.0
18,2020-05-31,Haryana,-27.0,-13.0,-6.0,73.0,2973668.0,0.0,-0.0,-2.0
0,2020-05-13,Ladakh,-11787232.0,-0.0,1.0,46.0,0.0,0.0,0.0,0.0
1,2020-05-14,Ladakh,-11787232.0,-0.0,1.0,45.0,0.0,0.0,0.0,0.0
2,2020-05-15,Ladakh,-11787232.0,-0.0,1.0,43.0,0.0,0.0,0.0,0.0
3,2020-05-16,Ladakh,-11787232.0,-0.0,1.0,38.0,0.0,0.0,0.0,0.0
4,2020-05-17,Ladakh,-11787232.0,-0.0,1.0,36.0,0.0,0.0,0.0,0.0
5,2020-05-18,Ladakh,-11787231.0,-0.0,1.0,57.0,0.0,0.0,0.0,0.0
6,2020-05-19,Ladakh,-11787231.0,-0.0,1.0,54.0,0.0,0.0,0.0,0.0
7,2020-05-20,Ladakh,-11787231.0,-0.0,1.0,52.0,0.0,0.0,0.0,0.0
8,2020-05-21,Ladakh,-11787230.0,-0.0,1.0,51.0,0.0,0.0,0.0,0.0
9,2020-05-22,Ladakh,-11787230.0,-0.0,1.0,51.0,0.0,0.0,0.0,0.0
10,2020-05-23,Ladakh,-11787231.0,-0.0,1.0,40.0,0.0,0.0,0.0,0.0
11,2020-05-24,Ladakh,-11787231.0,-0.0,1.0,41.0,0.0,0.0,0.0,0.0
12,2020-05-25,Ladakh,-11787231.0,-0.0,1.0,63.0,0.0,0.0,0.0,0.0
13,2020-05-26,Ladakh,-11787231.0,-0.0,1.0,60.0,0.0,0.0,0.0,0.0
14,2020-05-27,Ladakh,-11787230.0,-0.0,1.0,59.0,0.0,0.0,0.0,0.0
15,2020-05-28,Ladakh,-11787230.0,-0.0,1.0,58.0,0.0,0.0,0.0,0.0
16,2020-05-29,Ladakh,-11787230.0,-0.0,1.0,58.0,0.0,0.0,0.0,0.0
17,2020-05-30,Ladakh,-11787231.0,-0.0,1.0,46.0,0.0,0.0,0.0,0.0
18,2020-05-31,Ladakh,-11787231.0,-0.0,1.0,47.0,0.0,0.0,0.0,0.0
0,2020-05-13,Tamil Nadu,-107191122414166.0,-43.0,-4.0,444.0,1.0,1.0,0.0,119.0
1,2020-05-14,Tamil Nadu,-107191122414167.0,-48.0,-7.0,-130.0,1.0,1.0,0.0,79.0
2,2020-05-15,Tamil Nadu,-107191122414170.0,-54.0,-10.0,-183.0,0.0,1.0,0.0,86.0
3,2020-05-16,Tamil Nadu,-107191122414180.0,-47.0,-8.0,901.0,1.0,1.0,0.0,40.0
4,2020-05-17,Tamil Nadu,-107191122414179.0,-47.0,-7.0,947.0,0.0,1.0,0.0,41.0
5,2020-05-18,Tamil Nadu,-107191122414375.0,-90.0,-8.0,2119.0,1.0,1.0,0.0,31.0
6,2020-05-19,Tamil Nadu,-107191122414379.0,-95.0,-11.0,633.0,1.0,1.0,0.0,-14.0
7,2020-05-20,Tamil Nadu,-107191122414380.0,-96.0,-11.0,271.0,1.0,2.0,0.0,-35.0
8,2020-05-21,Tamil Nadu,-107191122414384.0,-95.0,-9.0,1415.0,2.0,2.0,0.0,9.0
9,2020-05-22,Tamil Nadu,-107191122414388.0,-97.0,-9.0,265.0,1.0,2.0,0.0,7.0
10,2020-05-23,Tamil Nadu,-107191122414401.0,-94.0,-9.0,333.0,1.0,2.0,0.0,11.0
11,2020-05-24,Tamil Nadu,-107191122414402.0,-96.0,-9.0,356.0,1.0,2.0,0.0,2.0
12,2020-05-25,Tamil Nadu,-107191122414386.0,-90.0,-9.0,208.0,1.0,2.0,0.0,46.0
13,2020-05-26,Tamil Nadu,-107191122414387.0,-92.0,-9.0,232.0,1.0,2.0,0.0,37.0
14,2020-05-27,Tamil Nadu,-107191122414387.0,-93.0,-9.0,256.0,1.0,2.0,0.0,29.0
15,2020-05-28,Tamil Nadu,-107191122414388.0,-95.0,-9.0,280.0,1.0,2.0,0.0,20.0
16,2020-05-29,Tamil Nadu,-107191122414388.0,-96.0,-9.0,304.0,1.0,2.0,0.0,12.0
17,2020-05-30,Tamil Nadu,-107191122414401.0,-93.0,-9.0,372.0,1.0,2.0,0.0,15.0
18,2020-05-31,Tamil Nadu,-107191122414402.0,-95.0,-9.0,396.0,1.0,2.0,0.0,7.0
0,2020-05-13,Karnataka,89.0,-6.0,-15.0,19.0,0.0,0.0,1.0,1.0
1,2020-05-14,Karnataka,89.0,-7.0,-15.0,2.0,0.0,0.0,1.0,1.0
2,2020-05-15,Karnataka,90.0,-6.0,-15.0,16.0,0.0,1.0,1.0,1.0
3,2020-05-16,Karnataka,93.0,-6.0,-15.0,67.0,1.0,1.0,1.0,1.0
4,2020-05-17,Karnataka,93.0,-7.0,-15.0,50.0,0.0,1.0,1.0,1.0
5,2020-05-18,Karnataka,25.0,-11.0,-15.0,24.0,1.0,1.0,1.0,1.0
6,2020-05-19,Karnataka,24.0,-12.0,-15.0,35.0,1.0,1.0,1.0,1.0
7,2020-05-20,Karnataka,25.0,-11.0,-15.0,57.0,1.0,1.0,1.0,1.0
8,2020-05-21,Karnataka,25.0,-11.0,-15.0,35.0,1.0,1.0,1.0,1.0
9,2020-05-22,Karnataka,25.0,-11.0,-15.0,24.0,1.0,1.0,1.0,1.0
10,2020-05-23,Karnataka,27.0,-12.0,-15.0,35.0,1.0,1.0,1.0,1.0
11,2020-05-24,Karnataka,27.0,-11.0,-15.0,37.0,1.0,1.0,1.0,1.0
12,2020-05-25,Karnataka,24.0,-12.0,-15.0,17.0,1.0,1.0,1.0,1.0
13,2020-05-26,Karnataka,24.0,-12.0,-15.0,19.0,1.0,1.0,1.0,1.0
14,2020-05-27,Karnataka,25.0,-11.0,-15.0,21.0,1.0,1.0,1.0,1.0
15,2020-05-28,Karnataka,25.0,-11.0,-15.0,23.0,1.0,1.0,1.0,1.0
16,2020-05-29,Karnataka,25.0,-11.0,-15.0,24.0,1.0,1.0,2.0,1.0
17,2020-05-30,Karnataka,27.0,-12.0,-15.0,38.0,1.0,1.0,2.0,1.0
18,2020-05-31,Karnataka,27.0,-11.0,-15.0,40.0,1.0,1.0,2.0,1.0
0,2020-05-13,Maharashtra,-246686109386675.0,-269.0,37.0,1712.0,31.0,37.0,3.0,25.0
1,2020-05-14,Maharashtra,-246685921228892.0,-272.0,40.0,2269.0,-23.0,23.0,3.0,23.0
2,2020-05-15,Maharashtra,-246685733071116.0,-282.0,36.0,1064.0,-39.0,5.0,3.0,26.0
3,2020-05-16,Maharashtra,-246685544913195.0,-246.0,36.0,1360.0,-22.0,-5.0,3.0,22.0
4,2020-05-17,Maharashtra,-246685356755417.0,-253.0,37.0,2645.0,5.0,2.0,3.0,17.0
5,2020-05-18,Maharashtra,-246686281343054.0,-258.0,35.0,443.0,29.0,6.0,3.0,6.0
6,2020-05-19,Maharashtra,-246686093185276.0,-265.0,35.0,1629.0,28.0,4.0,3.0,4.0
7,2020-05-20,Maharashtra,-246685905027492.0,-269.0,38.0,2686.0,-4.0,-8.0,3.0,5.0
8,2020-05-21,Maharashtra,-246685716869714.0,-277.0,37.0,2020.0,-4.0,-8.0,3.0,6.0
9,2020-05-22,Maharashtra,-246685528711938.0,-287.0,33.0,1160.0,8.0,-1.0,3.0,7.0
10,2020-05-23,Maharashtra,-246685340554016.0,-250.0,33.0,1193.0,10.0,-1.0,3.0,9.0
11,2020-05-24,Maharashtra,-246685152396237.0,-257.0,33.0,1193.0,10.0,-1.0,3.0,10.0
12,2020-05-25,Maharashtra,-246685309402260.0,-258.0,33.0,1324.0,8.0,-2.0,3.0,6.0
13,2020-05-26,Maharashtra,-246685121244481.0,-265.0,33.0,1374.0,8.0,-2.0,3.0,7.0
14,2020-05-27,Maharashtra,-246684933086702.0,-272.0,33.0,1420.0,8.0,-1.0,3.0,8.0
15,2020-05-28,Maharashtra,-246684744928924.0,-279.0,33.0,1463.0,8.0,-1.0,3.0,8.0
16,2020-05-29,Maharashtra,-246684556771145.0,-286.0,33.0,1503.0,8.0,-1.0,3.0,9.0
17,2020-05-30,Maharashtra,-246684368613223.0,-250.0,33.0,1514.0,10.0,-1.0,3.0,12.0
18,2020-05-31,Maharashtra,-246684180455444.0,-257.0,33.0,1527.0,10.0,-0.0,3.0,12.0
0,2020-05-13,Punjab,432.0,-4.0,10.0,233.0,-1.0,-0.0,0.0,4.0
1,2020-05-14,Punjab,430.0,-8.0,10.0,187.0,-0.0,-0.0,0.0,12.0
2,2020-05-15,Punjab,430.0,-6.0,10.0,217.0,-1.0,0.0,0.0,6.0
3,2020-05-16,Punjab,460.0,-1.0,10.0,298.0,-1.0,1.0,0.0,-17.0
4,2020-05-17,Punjab,460.0,0.0,10.0,393.0,-1.0,0.0,0.0,-11.0
5,2020-05-18,Punjab,-51.0,-10.0,10.0,139.0,-357087874.0,1.0,0.0,8.0
6,2020-05-19,Punjab,-52.0,-11.0,10.0,130.0,-357087873.0,1.0,0.0,11.0
7,2020-05-20,Punjab,-53.0,-10.0,10.0,155.0,-357087873.0,1.0,0.0,-13.0
8,2020-05-21,Punjab,-53.0,-10.0,10.0,147.0,-357087873.0,1.0,0.0,-22.0
9,2020-05-22,Punjab,-54.0,-10.0,10.0,111.0,-357087873.0,1.0,0.0,-31.0
10,2020-05-23,Punjab,-24.0,-3.0,10.0,269.0,-357087874.0,1.0,0.0,-48.0
11,2020-05-24,Punjab,-24.0,-3.0,10.0,266.0,-357087874.0,1.0,0.0,-57.0
12,2020-05-25,Punjab,-51.0,-12.0,10.0,134.0,-357087873.0,1.0,0.0,-2.0
13,2020-05-26,Punjab,-52.0,-11.0,10.0,131.0,-357087873.0,1.0,0.0,-11.0
14,2020-05-27,Punjab,-53.0,-11.0,10.0,128.0,-357087873.0,1.0,0.0,-20.0
15,2020-05-28,Punjab,-54.0,-11.0,10.0,125.0,-357087873.0,1.0,0.0,-28.0
16,2020-05-29,Punjab,-55.0,-10.0,10.0,122.0,-357087873.0,1.0,0.0,-37.0
17,2020-05-30,Punjab,-24.0,-3.0,10.0,290.0,-357087874.0,1.0,0.0,-55.0
18,2020-05-31,Punjab,-25.0,-3.0,10.0,287.0,-357087874.0,1.0,0.0,-64.0
0,2020-05-13,Jammu and Kashmir,13327398969787.0,-34.0,-13.0,29.0,-1.0,-0.0,0.0,-19328087489.0
1,2020-05-14,Jammu and Kashmir,13332698433604.0,-33.0,-13.0,23.0,-0.0,-0.0,0.0,9234594168.0
2,2020-05-15,Jammu and Kashmir,13337997897420.0,-33.0,-13.0,45.0,-1.0,-0.0,0.0,-7037367961.0
3,2020-05-16,Jammu and Kashmir,13343297361240.0,-33.0,-13.0,8.0,-1.0,-0.0,0.0,-744285622.0
4,2020-05-17,Jammu and Kashmir,13348596825057.0,-33.0,-13.0,33.0,-1.0,-0.0,0.0,1930564158.0
5,2020-05-18,Jammu and Kashmir,13351146605376.0,-32.0,-13.0,38.0,280143259.0,-0.0,0.0,5516233715.0
6,2020-05-19,Jammu and Kashmir,13356446069194.0,-31.0,-13.0,36.0,280143259.0,-0.0,0.0,-4879818396.0
7,2020-05-20,Jammu and Kashmir,13361745533010.0,-31.0,-13.0,41.0,280143259.0,-0.0,0.0,-11087486759.0
8,2020-05-21,Jammu and Kashmir,13367044996827.0,-31.0,-13.0,55.0,280143259.0,0.0,0.0,-7058437070.0
9,2020-05-22,Jammu and Kashmir,13372344460643.0,-31.0,-13.0,59.0,280143259.0,0.0,0.0,-2523173673.0
10,2020-05-23,Jammu and Kashmir,13377643924464.0,-30.0,-13.0,54.0,280143259.0,0.0,0.0,-302734895.0
11,2020-05-24,Jammu and Kashmir,13382943388280.0,-30.0,-13.0,58.0,280143259.0,0.0,0.0,-217580490.0
12,2020-05-25,Jammu and Kashmir,13377859363513.0,-31.0,-13.0,60.0,280143259.0,0.0,0.0,-4229827682.0
13,2020-05-26,Jammu and Kashmir,13383158827329.0,-31.0,-13.0,62.0,280143259.0,0.0,0.0,-4144673277.0
14,2020-05-27,Jammu and Kashmir,13388458291146.0,-31.0,-13.0,65.0,280143259.0,0.0,0.0,-4059518872.0
15,2020-05-28,Jammu and Kashmir,13393757754962.0,-31.0,-13.0,68.0,280143259.0,0.0,0.0,-3974364467.0
16,2020-05-29,Jammu and Kashmir,13399057218779.0,-30.0,-13.0,71.0,280143259.0,0.0,0.0,-3889210061.0
17,2020-05-30,Jammu and Kashmir,13404356682599.0,-30.0,-13.0,65.0,280143259.0,0.0,0.0,-1668771284.0
18,2020-05-31,Jammu and Kashmir,13409656146415.0,-30.0,-13.0,70.0,280143259.0,0.0,0.0,-1583616879.0
0,2020-05-13,Andhra Pradesh,-15.0,-7.0,12.0,39.0,1.0,1.0,0.0,0.0
1,2020-05-14,Andhra Pradesh,-17.0,-8.0,12.0,25.0,1.0,1.0,1.0,0.0
2,2020-05-15,Andhra Pradesh,-18.0,-9.0,11.0,33.0,0.0,1.0,1.0,1.0
3,2020-05-16,Andhra Pradesh,-17.0,-13.0,11.0,7.0,1.0,1.0,1.0,1.0
4,2020-05-17,Andhra Pradesh,-19.0,-15.0,11.0,1.0,1.0,1.0,1.0,2.0
5,2020-05-18,Andhra Pradesh,9.0,4.0,11.0,67.0,250404534.0,1.0,1.0,3.0
6,2020-05-19,Andhra Pradesh,8.0,2.0,11.0,58.0,250404534.0,1.0,1.0,3.0
7,2020-05-20,Andhra Pradesh,6.0,1.0,11.0,50.0,250404533.0,1.0,1.0,3.0
8,2020-05-21,Andhra Pradesh,4.0,-1.0,11.0,43.0,250404533.0,1.0,2.0,4.0
9,2020-05-22,Andhra Pradesh,3.0,-2.0,11.0,40.0,250404533.0,1.0,2.0,4.0
10,2020-05-23,Andhra Pradesh,4.0,-5.0,11.0,35.0,250404533.0,2.0,2.0,4.0
11,2020-05-24,Andhra Pradesh,2.0,-6.0,11.0,38.0,250404533.0,2.0,2.0,4.0
12,2020-05-25,Andhra Pradesh,10.0,5.0,11.0,39.0,250404533.0,2.0,2.0,4.0
13,2020-05-26,Andhra Pradesh,9.0,3.0,11.0,42.0,250404533.0,2.0,2.0,4.0
14,2020-05-27,Andhra Pradesh,7.0,2.0,11.0,45.0,250404533.0,2.0,2.0,4.0
15,2020-05-28,Andhra Pradesh,5.0,0.0,11.0,48.0,250404533.0,2.0,2.0,4.0
16,2020-05-29,Andhra Pradesh,3.0,-1.0,11.0,52.0,250404533.0,2.0,2.0,4.0
17,2020-05-30,Andhra Pradesh,5.0,-4.0,11.0,45.0,250404533.0,2.0,2.0,4.0
18,2020-05-31,Andhra Pradesh,3.0,-6.0,11.0,50.0,250404533.0,2.0,2.0,4.0
0,2020-05-13,Uttarakhand,-5442392369.0,0.0,1.0,0.0,1.0,1.0,0.0,1.0
1,2020-05-14,Uttarakhand,-5441854962.0,-0.0,1.0,-1.0,1.0,1.0,0.0,1.0
2,2020-05-15,Uttarakhand,-5441317554.0,0.0,1.0,-3.0,1.0,1.0,0.0,1.0
3,2020-05-16,Uttarakhand,-5440780144.0,1.0,1.0,-1.0,1.0,1.0,0.0,1.0
4,2020-05-17,Uttarakhand,-5440242738.0,0.0,1.0,-1.0,1.0,1.0,0.0,1.0
5,2020-05-18,Uttarakhand,-5441653741.0,0.0,1.0,-1.0,0.0,0.0,0.0,0.0
6,2020-05-19,Uttarakhand,-5441116332.0,1.0,1.0,-2.0,0.0,0.0,0.0,0.0
7,2020-05-20,Uttarakhand,-5440578926.0,1.0,1.0,-1.0,0.0,0.0,0.0,0.0
8,2020-05-21,Uttarakhand,-5440041519.0,0.0,1.0,-1.0,0.0,0.0,0.0,0.0
9,2020-05-22,Uttarakhand,-5439504112.0,1.0,1.0,-1.0,0.0,0.0,0.0,0.0
10,2020-05-23,Uttarakhand,-5438966701.0,1.0,1.0,1.0,0.0,0.0,0.0,0.0
11,2020-05-24,Uttarakhand,-5438429294.0,2.0,1.0,2.0,0.0,0.0,0.0,0.0
12,2020-05-25,Uttarakhand,-5438746236.0,0.0,1.0,-1.0,0.0,0.0,0.0,0.0
13,2020-05-26,Uttarakhand,-5438208829.0,0.0,1.0,-1.0,0.0,0.0,0.0,0.0
14,2020-05-27,Uttarakhand,-5437671422.0,0.0,1.0,-1.0,0.0,0.0,0.0,0.0
15,2020-05-28,Uttarakhand,-5437134015.0,0.0,1.0,-1.0,0.0,0.0,0.0,0.0
16,2020-05-29,Uttarakhand,-5436596608.0,1.0,1.0,-1.0,0.0,0.0,0.0,0.0
17,2020-05-30,Uttarakhand,-5436059197.0,1.0,1.0,1.0,0.0,0.0,0.0,0.0
18,2020-05-31,Uttarakhand,-5435521790.0,1.0,1.0,1.0,0.0,0.0,0.0,0.0
0,2020-05-13,Odisha,-9.0,-0.0,4.0,-165.0,-0.0,-0.0,0.0,-2.0
1,2020-05-14,Odisha,-16.0,-5.0,1.0,42.0,-0.0,-0.0,0.0,2.0
2,2020-05-15,Odisha,-15.0,-7.0,-4.0,-226.0,0.0,-0.0,0.0,-0.0
3,2020-05-16,Odisha,-9.0,-5.0,-2.0,485.0,0.0,-0.0,0.0,5.0
4,2020-05-17,Odisha,-20.0,-7.0,-1.0,316.0,-0.0,-0.0,0.0,2.0
5,2020-05-18,Odisha,-18.0,-12.0,-3.0,490.0,0.0,-0.0,0.0,3.0
6,2020-05-19,Odisha,-8.0,-8.0,2.0,68.0,0.0,-0.0,0.0,2.0
7,2020-05-20,Odisha,-16.0,-11.0,-2.0,-203.0,1.0,-0.0,0.0,2.0
8,2020-05-21,Odisha,-17.0,-11.0,-5.0,-23.0,0.0,-0.0,0.0,2.0
9,2020-05-22,Odisha,-15.0,-10.0,-5.0,17.0,0.0,-0.0,0.0,2.0
10,2020-05-23,Odisha,-16.0,-11.0,-5.0,11.0,0.0,-0.0,0.0,2.0
11,2020-05-24,Odisha,-16.0,-11.0,-5.0,13.0,0.0,-0.0,0.0,2.0
12,2020-05-25,Odisha,-15.0,-11.0,-5.0,22.0,0.0,-0.0,0.0,3.0
13,2020-05-26,Odisha,-15.0,-10.0,-5.0,20.0,0.0,-0.0,0.0,3.0
14,2020-05-27,Odisha,-15.0,-10.0,-5.0,19.0,1.0,-0.0,0.0,3.0
15,2020-05-28,Odisha,-15.0,-10.0,-5.0,18.0,1.0,-0.0,0.0,3.0
16,2020-05-29,Odisha,-15.0,-10.0,-5.0,17.0,1.0,-0.0,0.0,3.0
17,2020-05-30,Odisha,-16.0,-11.0,-5.0,12.0,0.0,-0.0,0.0,3.0
18,2020-05-31,Odisha,-16.0,-11.0,-5.0,14.0,0.0,-0.0,0.0,3.0
0,2020-05-13,Puducherry,92395563495.0,4.0,0.0,8.0,0.0,0.0,0.0,0.0
1,2020-05-14,Puducherry,92389830791.0,4.0,0.0,7.0,0.0,0.0,0.0,0.0
2,2020-05-15,Puducherry,92384098080.0,3.0,0.0,1.0,0.0,0.0,0.0,0.0
3,2020-05-16,Puducherry,92378365372.0,3.0,0.0,4.0,0.0,0.0,0.0,0.0
4,2020-05-17,Puducherry,92372632665.0,3.0,0.0,3.0,0.0,0.0,0.0,0.0
5,2020-05-18,Puducherry,92377039944.0,3.0,0.0,6.0,0.0,0.0,0.0,0.0
6,2020-05-19,Puducherry,92371307242.0,5.0,0.0,7.0,0.0,0.0,0.0,0.0
7,2020-05-20,Puducherry,92365574534.0,5.0,0.0,11.0,0.0,0.0,0.0,0.0
8,2020-05-21,Puducherry,92359841822.0,3.0,0.0,5.0,0.0,0.0,0.0,0.0
9,2020-05-22,Puducherry,92354109116.0,4.0,0.0,6.0,0.0,0.0,0.0,0.0
10,2020-05-23,Puducherry,92348376408.0,4.0,0.0,3.0,0.0,0.0,0.0,0.0
11,2020-05-24,Puducherry,92342643701.0,4.0,0.0,2.0,0.0,0.0,0.0,0.0
12,2020-05-25,Puducherry,92343462345.0,4.0,0.0,8.0,0.0,0.0,0.0,0.0
13,2020-05-26,Puducherry,92337729638.0,4.0,0.0,7.0,0.0,0.0,0.0,0.0
14,2020-05-27,Puducherry,92331996930.0,4.0,0.0,6.0,0.0,0.0,0.0,0.0
15,2020-05-28,Puducherry,92326264222.0,4.0,0.0,6.0,0.0,0.0,0.0,0.0
16,2020-05-29,Puducherry,92320531514.0,4.0,0.0,5.0,0.0,0.0,0.0,0.0
17,2020-05-30,Puducherry,92314798806.0,4.0,0.0,3.0,0.0,0.0,0.0,0.0
18,2020-05-31,Puducherry,92309066099.0,4.0,0.0,2.0,0.0,0.0,0.0,0.0
0,2020-05-13,West Bengal,-5924417356722.0,-33.0,-6.0,-433.0,-6.0,4.0,1.0,150.0
1,2020-05-14,West Bengal,-5924282045868.0,-29.0,-5.0,1057.0,-8.0,7.0,2.0,188.0
2,2020-05-15,West Bengal,-5924146735015.0,-33.0,-7.0,76.0,0.0,2.0,2.0,-4.0
3,2020-05-16,West Bengal,-5924011424147.0,-29.0,-7.0,145.0,1.0,2.0,1.0,0.0
4,2020-05-17,West Bengal,-5923876113293.0,-30.0,-7.0,204.0,1.0,3.0,1.0,-2.0
5,2020-05-18,West Bengal,-5923903944590.0,-39.0,-8.0,240.0,1.0,3.0,0.0,2.0
6,2020-05-19,West Bengal,-5923768633735.0,-39.0,-8.0,111.0,1.0,4.0,1.0,-2.0
7,2020-05-20,West Bengal,-5923633322881.0,-39.0,-7.0,411.0,1.0,4.0,1.0,-3.0
8,2020-05-21,West Bengal,-5923498012029.0,-39.0,-8.0,370.0,2.0,3.0,1.0,1.0
9,2020-05-22,West Bengal,-5923362701176.0,-41.0,-9.0,114.0,2.0,3.0,1.0,3.0
10,2020-05-23,West Bengal,-5923227390307.0,-37.0,-9.0,75.0,2.0,2.0,1.0,2.0
11,2020-05-24,West Bengal,-5923092079453.0,-38.0,-9.0,59.0,2.0,2.0,1.0,2.0
12,2020-05-25,West Bengal,-5923111251877.0,-40.0,-9.0,202.0,2.0,3.0,1.0,6.0
13,2020-05-26,West Bengal,-5922975941023.0,-40.0,-9.0,193.0,2.0,3.0,1.0,6.0
14,2020-05-27,West Bengal,-5922840630169.0,-41.0,-9.0,182.0,2.0,3.0,1.0,5.0
15,2020-05-28,West Bengal,-5922705319315.0,-41.0,-9.0,168.0,2.0,3.0,1.0,4.0
16,2020-05-29,West Bengal,-5922570008462.0,-41.0,-9.0,151.0,2.0,3.0,1.0,4.0
17,2020-05-30,West Bengal,-5922434697593.0,-37.0,-9.0,109.0,2.0,3.0,1.0,2.0
18,2020-05-31,West Bengal,-5922299386739.0,-37.0,-9.0,90.0,2.0,3.0,1.0,2.0
0,2020-05-13,Chhattisgarh,64618451580.0,1.0,1.0,-20.0,0.0,0.0,0.0,0.0
1,2020-05-14,Chhattisgarh,64615915948.0,1.0,1.0,-8.0,0.0,0.0,0.0,0.0
2,2020-05-15,Chhattisgarh,64613380315.0,1.0,1.0,-6.0,0.0,0.0,0.0,0.0
3,2020-05-16,Chhattisgarh,64610844682.0,1.0,1.0,-7.0,0.0,0.0,0.0,0.0
4,2020-05-17,Chhattisgarh,64608309050.0,1.0,1.0,-8.0,0.0,0.0,0.0,0.0
5,2020-05-18,Chhattisgarh,64607377978.0,2.0,1.0,-8.0,0.0,0.0,0.0,0.0
6,2020-05-19,Chhattisgarh,64604842345.0,2.0,1.0,-8.0,0.0,0.0,0.0,0.0
7,2020-05-20,Chhattisgarh,64602306712.0,2.0,1.0,-7.0,0.0,0.0,0.0,0.0
8,2020-05-21,Chhattisgarh,64599771080.0,2.0,1.0,-7.0,0.0,0.0,0.0,0.0
9,2020-05-22,Chhattisgarh,64597235447.0,2.0,1.0,-6.0,0.0,0.0,0.0,0.0
10,2020-05-23,Chhattisgarh,64594699814.0,2.0,1.0,-5.0,0.0,0.0,0.0,0.0
11,2020-05-24,Chhattisgarh,64592164182.0,2.0,1.0,-5.0,0.0,0.0,0.0,0.0
12,2020-05-25,Chhattisgarh,64592144567.0,2.0,1.0,-11.0,0.0,0.0,0.0,0.0
13,2020-05-26,Chhattisgarh,64589608935.0,2.0,1.0,-10.0,0.0,0.0,0.0,0.0
14,2020-05-27,Chhattisgarh,64587073302.0,2.0,1.0,-10.0,0.0,0.0,0.0,0.0
15,2020-05-28,Chhattisgarh,64584537669.0,2.0,1.0,-9.0,0.0,0.0,0.0,0.0
16,2020-05-29,Chhattisgarh,64582002037.0,2.0,1.0,-8.0,0.0,0.0,0.0,0.0
17,2020-05-30,Chhattisgarh,64579466404.0,2.0,1.0,-6.0,0.0,0.0,0.0,0.0
18,2020-05-31,Chhattisgarh,64576930771.0,2.0,1.0,-6.0,0.0,0.0,0.0,0.0
0,2020-05-13,Chandigarh,28.0,-1.0,-12.0,-5.0,0.0,1.0,1.0,3.0
1,2020-05-14,Chandigarh,25.0,-1.0,-14.0,-17.0,0.0,1.0,1.0,3.0
2,2020-05-15,Chandigarh,27.0,-0.0,-13.0,-13.0,1.0,1.0,1.0,3.0
3,2020-05-16,Chandigarh,26.0,-1.0,-12.0,-0.0,1.0,1.0,1.0,4.0
4,2020-05-17,Chandigarh,25.0,-2.0,-13.0,-5.0,1.0,1.0,1.0,4.0
5,2020-05-18,Chandigarh,5.0,-3.0,-13.0,41.0,1517400.0,1.0,1.0,2.0
6,2020-05-19,Chandigarh,2.0,-5.0,-16.0,6.0,1517400.0,1.0,1.0,2.0
7,2020-05-20,Chandigarh,5.0,-3.0,-14.0,16.0,1517400.0,1.0,1.0,2.0
8,2020-05-21,Chandigarh,4.0,-4.0,-15.0,9.0,1517400.0,1.0,1.0,2.0
9,2020-05-22,Chandigarh,5.0,-4.0,-14.0,4.0,1517400.0,1.0,1.0,2.0
10,2020-05-23,Chandigarh,3.0,-4.0,-13.0,-0.0,1517400.0,1.0,1.0,1.0
11,2020-05-24,Chandigarh,4.0,-4.0,-13.0,-2.0,1517400.0,1.0,1.0,1.0
12,2020-05-25,Chandigarh,4.0,-4.0,-14.0,27.0,1517400.0,1.0,1.0,2.0
13,2020-05-26,Chandigarh,4.0,-4.0,-14.0,24.0,1517400.0,1.0,1.0,2.0
14,2020-05-27,Chandigarh,4.0,-4.0,-14.0,21.0,1517400.0,1.0,1.0,2.0
15,2020-05-28,Chandigarh,5.0,-4.0,-14.0,18.0,1517400.0,1.0,1.0,2.0
16,2020-05-29,Chandigarh,5.0,-4.0,-14.0,15.0,1517400.0,1.0,1.0,2.0
17,2020-05-30,Chandigarh,3.0,-4.0,-13.0,11.0,1517400.0,1.0,1.0,1.0
18,2020-05-31,Chandigarh,4.0,-4.0,-13.0,10.0,1517400.0,1.0,1.0,1.0
0,2020-05-13,Gujarat,-3552.0,-408.0,21.0,383.0,30.0,19.0,6.0,-4.0
1,2020-05-14,Gujarat,-3547.0,-405.0,19.0,346.0,15.0,4.0,3.0,8.0
2,2020-05-15,Gujarat,-3541.0,-400.0,19.0,436.0,14.0,1.0,-2.0,8.0
3,2020-05-16,Gujarat,-3564.0,-399.0,19.0,516.0,8.0,-7.0,-2.0,10.0
4,2020-05-17,Gujarat,-3557.0,-393.0,19.0,731.0,11.0,-4.0,-2.0,10.0
5,2020-05-18,Gujarat,-7123.0,-424.0,19.0,388.0,28.0,11.0,-2.0,6.0
6,2020-05-19,Gujarat,-7117.0,-419.0,18.0,236.0,36.0,16.0,-2.0,9.0
7,2020-05-20,Gujarat,-7110.0,-414.0,18.0,338.0,21.0,3.0,-2.0,8.0
8,2020-05-21,Gujarat,-7104.0,-410.0,18.0,461.0,21.0,2.0,-1.0,10.0
9,2020-05-22,Gujarat,-7098.0,-404.0,18.0,326.0,22.0,-0.0,-1.0,15.0
10,2020-05-23,Gujarat,-7121.0,-403.0,18.0,391.0,21.0,-0.0,-1.0,11.0
11,2020-05-24,Gujarat,-7115.0,-398.0,18.0,523.0,21.0,-1.0,-1.0,12.0
12,2020-05-25,Gujarat,-7120.0,-420.0,18.0,64.0,24.0,2.0,-1.0,16.0
13,2020-05-26,Gujarat,-7114.0,-416.0,18.0,143.0,24.0,1.0,-1.0,16.0
14,2020-05-27,Gujarat,-7108.0,-411.0,18.0,240.0,24.0,1.0,-1.0,17.0
15,2020-05-28,Gujarat,-7102.0,-406.0,18.0,356.0,24.0,0.0,-1.0,17.0
16,2020-05-29,Gujarat,-7096.0,-401.0,18.0,488.0,24.0,-0.0,-1.0,18.0
17,2020-05-30,Gujarat,-7119.0,-400.0,18.0,565.0,23.0,-1.0,-1.0,13.0
18,2020-05-31,Gujarat,-7113.0,-395.0,18.0,717.0,23.0,-1.0,-1.0,15.0
0,2020-05-13,Himachal Pradesh,-154257258999.0,3.0,2.0,21.0,-0.0,-0.0,0.0,-1.0
1,2020-05-14,Himachal Pradesh,-154263127165.0,4.0,2.0,14.0,0.0,0.0,0.0,-1.0
2,2020-05-15,Himachal Pradesh,-154268995332.0,3.0,1.0,18.0,0.0,0.0,0.0,-0.0
3,2020-05-16,Himachal Pradesh,-154274863499.0,2.0,1.0,23.0,0.0,0.0,0.0,-0.0
4,2020-05-17,Himachal Pradesh,-154280731666.0,2.0,1.0,21.0,0.0,0.0,0.0,-0.0
5,2020-05-18,Himachal Pradesh,-154245332841.0,2.0,1.0,17.0,-0.0,-0.0,0.0,-1.0
6,2020-05-19,Himachal Pradesh,-154251201007.0,2.0,1.0,16.0,-0.0,-0.0,0.0,-1.0
7,2020-05-20,Himachal Pradesh,-154257069173.0,1.0,1.0,18.0,-0.0,-0.0,0.0,-1.0
8,2020-05-21,Himachal Pradesh,-154262937339.0,2.0,1.0,15.0,-0.0,-0.0,0.0,-1.0
9,2020-05-22,Himachal Pradesh,-154268805504.0,2.0,1.0,15.0,0.0,0.0,0.0,-1.0
10,2020-05-23,Himachal Pradesh,-154274673671.0,1.0,1.0,12.0,-0.0,-0.0,0.0,-1.0
11,2020-05-24,Himachal Pradesh,-154280541837.0,1.0,1.0,12.0,-0.0,-0.0,0.0,-1.0
12,2020-05-25,Himachal Pradesh,-154282710620.0,2.0,1.0,17.0,-0.0,-0.0,0.0,-1.0
13,2020-05-26,Himachal Pradesh,-154288578786.0,2.0,1.0,17.0,-0.0,-0.0,0.0,-1.0
14,2020-05-27,Himachal Pradesh,-154294446952.0,2.0,1.0,17.0,-0.0,-0.0,0.0,-1.0
15,2020-05-28,Himachal Pradesh,-154300315118.0,2.0,1.0,16.0,0.0,0.0,0.0,-1.0
16,2020-05-29,Himachal Pradesh,-154306183284.0,2.0,1.0,16.0,0.0,0.0,0.0,-0.0
17,2020-05-30,Himachal Pradesh,-154312051451.0,1.0,1.0,13.0,0.0,-0.0,0.0,-1.0
18,2020-05-31,Himachal Pradesh,-154317919617.0,1.0,1.0,12.0,0.0,0.0,0.0,-0.0
0,2020-05-13,Madhya Pradesh,24121266994754.0,-115.0,38.0,92.0,2.0,1.0,4.0,-0.0
1,2020-05-14,Madhya Pradesh,24120710208149.0,-113.0,38.0,122.0,6.0,5.0,4.0,4.0
2,2020-05-15,Madhya Pradesh,24120153421544.0,-112.0,38.0,116.0,2.0,1.0,4.0,3.0
3,2020-05-16,Madhya Pradesh,24119596634851.0,-135.0,38.0,8.0,2.0,1.0,4.0,1.0
4,2020-05-17,Madhya Pradesh,24119039848247.0,-133.0,38.0,119.0,0.0,2.0,4.0,3.0
5,2020-05-18,Madhya Pradesh,24118253461229.0,-116.0,38.0,68.0,2.0,-2.0,4.0,0.0
6,2020-05-19,Madhya Pradesh,24117696674624.0,-114.0,38.0,113.0,3.0,2.0,4.0,1.0
7,2020-05-20,Madhya Pradesh,24117139888019.0,-113.0,38.0,30.0,1.0,-0.0,4.0,3.0
8,2020-05-21,Madhya Pradesh,24116583101415.0,-110.0,38.0,60.0,1.0,1.0,4.0,2.0
9,2020-05-22,Madhya Pradesh,24116026314809.0,-109.0,38.0,34.0,1.0,1.0,4.0,3.0
10,2020-05-23,Madhya Pradesh,24115469528118.0,-131.0,38.0,28.0,2.0,1.0,4.0,4.0
11,2020-05-24,Madhya Pradesh,24114912741512.0,-130.0,38.0,46.0,2.0,1.0,4.0,4.0
12,2020-05-25,Madhya Pradesh,24114693174074.0,-114.0,38.0,34.0,2.0,1.0,4.0,4.0
13,2020-05-26,Madhya Pradesh,24114136387468.0,-112.0,38.0,39.0,2.0,1.0,4.0,4.0
14,2020-05-27,Madhya Pradesh,24113579600863.0,-111.0,38.0,47.0,2.0,1.0,4.0,4.0
15,2020-05-28,Madhya Pradesh,24113022814258.0,-109.0,38.0,57.0,1.0,1.0,4.0,4.0
16,2020-05-29,Madhya Pradesh,24112466027653.0,-108.0,38.0,71.0,1.0,1.0,5.0,4.0
17,2020-05-30,Madhya Pradesh,24111909240961.0,-130.0,38.0,65.0,2.0,1.0,5.0,4.0
18,2020-05-31,Madhya Pradesh,24111352454356.0,-128.0,38.0,87.0,2.0,1.0,5.0,4.0
0,2020-05-13,Bihar,-2625.0,-77.0,-23.0,61.0,0.0,-0.0,0.0,0.0
1,2020-05-14,Bihar,-2626.0,-79.0,-24.0,127.0,-0.0,-0.0,0.0,0.0
2,2020-05-15,Bihar,-2629.0,-82.0,-24.0,68.0,-0.0,-0.0,0.0,-1.0
3,2020-05-16,Bihar,-2632.0,-84.0,-24.0,99.0,0.0,-0.0,0.0,0.0
4,2020-05-17,Bihar,-2636.0,-87.0,-24.0,34.0,0.0,-0.0,0.0,1.0
5,2020-05-18,Bihar,-4880.0,-78.0,-24.0,-0.0,0.0,-0.0,0.0,-1.0
6,2020-05-19,Bihar,-4883.0,-81.0,-24.0,9.0,0.0,-0.0,0.0,-0.0
7,2020-05-20,Bihar,-4879.0,-78.0,-24.0,60.0,0.0,-0.0,0.0,0.0
8,2020-05-21,Bihar,-4877.0,-78.0,-24.0,78.0,0.0,-0.0,0.0,0.0
9,2020-05-22,Bihar,-4878.0,-80.0,-24.0,59.0,0.0,-0.0,0.0,0.0
10,2020-05-23,Bihar,-4878.0,-79.0,-24.0,59.0,0.0,-0.0,0.0,1.0
11,2020-05-24,Bihar,-4879.0,-80.0,-24.0,63.0,0.0,-0.0,0.0,1.0
12,2020-05-25,Bihar,-4876.0,-76.0,-24.0,47.0,0.0,-0.0,0.0,0.0
13,2020-05-26,Bihar,-4877.0,-77.0,-24.0,56.0,0.0,-0.0,0.0,0.0
14,2020-05-27,Bihar,-4877.0,-78.0,-24.0,65.0,0.0,-0.0,0.0,0.0
15,2020-05-28,Bihar,-4877.0,-79.0,-23.0,73.0,0.0,-0.0,0.0,0.0
16,2020-05-29,Bihar,-4878.0,-80.0,-23.0,82.0,-0.0,-0.0,0.0,0.0
17,2020-05-30,Bihar,-4878.0,-79.0,-23.0,83.0,0.0,-0.0,0.0,1.0
18,2020-05-31,Bihar,-4878.0,-79.0,-23.0,88.0,0.0,-0.0,0.0,1.0
0,2020-05-13,Manipur,115088.0,-0.0,0.0,-7.0,0.0,0.0,0.0,0.0
1,2020-05-14,Manipur,115088.0,0.0,0.0,-7.0,0.0,0.0,0.0,0.0
2,2020-05-15,Manipur,115088.0,0.0,0.0,-7.0,0.0,0.0,0.0,0.0
3,2020-05-16,Manipur,115088.0,-0.0,0.0,-7.0,0.0,0.0,0.0,0.0
4,2020-05-17,Manipur,115088.0,-0.0,0.0,-7.0,0.0,0.0,0.0,0.0
5,2020-05-18,Manipur,115088.0,-0.0,0.0,-7.0,0.0,0.0,0.0,0.0
6,2020-05-19,Manipur,115088.0,-0.0,0.0,-7.0,0.0,0.0,0.0,0.0
7,2020-05-20,Manipur,115088.0,-0.0,0.0,-7.0,0.0,0.0,0.0,0.0
8,2020-05-21,Manipur,115088.0,-0.0,0.0,-7.0,0.0,0.0,0.0,0.0
9,2020-05-22,Manipur,115088.0,-0.0,0.0,-7.0,0.0,0.0,0.0,0.0
10,2020-05-23,Manipur,115088.0,-0.0,0.0,-7.0,0.0,0.0,0.0,0.0
11,2020-05-24,Manipur,115088.0,-0.0,0.0,-7.0,0.0,0.0,0.0,0.0
12,2020-05-25,Manipur,115088.0,-0.0,0.0,-6.0,0.0,0.0,0.0,0.0
13,2020-05-26,Manipur,115088.0,-0.0,0.0,-6.0,0.0,0.0,0.0,0.0
14,2020-05-27,Manipur,115088.0,-0.0,0.0,-6.0,0.0,0.0,0.0,0.0
15,2020-05-28,Manipur,115088.0,-0.0,0.0,-6.0,0.0,0.0,0.0,0.0
16,2020-05-29,Manipur,115088.0,-0.0,0.0,-7.0,0.0,0.0,0.0,0.0
17,2020-05-30,Manipur,115088.0,-0.0,0.0,-6.0,0.0,0.0,0.0,0.0
18,2020-05-31,Manipur,115088.0,-0.0,0.0,-7.0,0.0,0.0,0.0,0.0
0,2020-05-13,Mizoram,-0.0,0.0,-0.0,-0.0,0.0,0.0,0.0,0.0
1,2020-05-14,Mizoram,-0.0,0.0,-0.0,-0.0,0.0,0.0,0.0,0.0
2,2020-05-15,Mizoram,-0.0,0.0,-0.0,-0.0,0.0,0.0,0.0,0.0
3,2020-05-16,Mizoram,-0.0,0.0,-0.0,-0.0,0.0,0.0,0.0,0.0
4,2020-05-17,Mizoram,-0.0,0.0,-0.0,-0.0,0.0,0.0,0.0,0.0
5,2020-05-18,Mizoram,-0.0,0.0,-0.0,-0.0,0.0,0.0,0.0,0.0
6,2020-05-19,Mizoram,-0.0,0.0,-0.0,-0.0,0.0,0.0,0.0,0.0
7,2020-05-20,Mizoram,-0.0,0.0,-0.0,-0.0,0.0,0.0,0.0,0.0
8,2020-05-21,Mizoram,-0.0,0.0,-0.0,-0.0,0.0,0.0,0.0,0.0
9,2020-05-22,Mizoram,-0.0,0.0,-0.0,-0.0,0.0,0.0,0.0,0.0
10,2020-05-23,Mizoram,-0.0,0.0,-0.0,-0.0,0.0,0.0,0.0,0.0
11,2020-05-24,Mizoram,-0.0,0.0,-0.0,-0.0,0.0,0.0,0.0,0.0
12,2020-05-25,Mizoram,-0.0,0.0,-0.0,-0.0,0.0,0.0,0.0,0.0
13,2020-05-26,Mizoram,-0.0,0.0,-0.0,-0.0,0.0,0.0,0.0,0.0
14,2020-05-27,Mizoram,-0.0,0.0,-0.0,-0.0,0.0,0.0,0.0,0.0
15,2020-05-28,Mizoram,-0.0,0.0,-0.0,-0.0,0.0,0.0,0.0,0.0
16,2020-05-29,Mizoram,-0.0,0.0,-0.0,-0.0,0.0,0.0,0.0,0.0
17,2020-05-30,Mizoram,-0.0,0.0,-0.0,-0.0,0.0,0.0,0.0,0.0
18,2020-05-31,Mizoram,-0.0,0.0,-0.0,-0.0,0.0,0.0,0.0,0.0
0,2020-05-13,Andaman and Nicobar Islands,13353652565.0,-1.0,1.0,-1.0,0.0,0.0,0.0,0.0
1,2020-05-14,Andaman and Nicobar Islands,13353652507.0,-1.0,1.0,-1.0,0.0,0.0,0.0,0.0
2,2020-05-15,Andaman and Nicobar Islands,13353652448.0,-1.0,1.0,-1.0,0.0,0.0,0.0,0.0
3,2020-05-16,Andaman and Nicobar Islands,13353652391.0,-0.0,1.0,-1.0,0.0,0.0,0.0,0.0
4,2020-05-17,Andaman and Nicobar Islands,13353652332.0,-0.0,1.0,-1.0,0.0,0.0,0.0,0.0
5,2020-05-18,Andaman and Nicobar Islands,13353652268.0,-1.0,1.0,-0.0,0.0,0.0,0.0,0.0
6,2020-05-19,Andaman and Nicobar Islands,13353652210.0,-1.0,1.0,-0.0,0.0,0.0,0.0,0.0
7,2020-05-20,Andaman and Nicobar Islands,13353652152.0,-0.0,1.0,-0.0,0.0,0.0,0.0,0.0
8,2020-05-21,Andaman and Nicobar Islands,13353652093.0,-0.0,1.0,-0.0,0.0,0.0,0.0,0.0
9,2020-05-22,Andaman and Nicobar Islands,13353652035.0,-0.0,1.0,0.0,0.0,0.0,0.0,0.0
10,2020-05-23,Andaman and Nicobar Islands,13353651977.0,-0.0,1.0,-0.0,0.0,0.0,0.0,0.0
11,2020-05-24,Andaman and Nicobar Islands,13353651919.0,-0.0,1.0,-0.0,0.0,0.0,0.0,0.0
12,2020-05-25,Andaman and Nicobar Islands,13353651860.0,-1.0,1.0,0.0,0.0,0.0,0.0,0.0
13,2020-05-26,Andaman and Nicobar Islands,13353651801.0,-1.0,1.0,0.0,0.0,0.0,0.0,0.0
14,2020-05-27,Andaman and Nicobar Islands,13353651743.0,-0.0,1.0,0.0,0.0,0.0,0.0,0.0
15,2020-05-28,Andaman and Nicobar Islands,13353651684.0,-0.0,1.0,0.0,0.0,0.0,0.0,0.0
16,2020-05-29,Andaman and Nicobar Islands,13353651626.0,-0.0,1.0,1.0,0.0,0.0,0.0,0.0
17,2020-05-30,Andaman and Nicobar Islands,13353651568.0,-0.0,1.0,0.0,0.0,0.0,0.0,0.0
18,2020-05-31,Andaman and Nicobar Islands,13353651510.0,-0.0,1.0,0.0,0.0,0.0,0.0,0.0
0,2020-05-13,Goa,-1.0,-1.0,0.0,-1.0,0.0,0.0,0.0,0.0
1,2020-05-14,Goa,-1.0,-1.0,0.0,-1.0,0.0,0.0,0.0,0.0
2,2020-05-15,Goa,-1.0,-1.0,0.0,-1.0,0.0,0.0,0.0,0.0
3,2020-05-16,Goa,-1.0,-1.0,0.0,-1.0,0.0,0.0,0.0,0.0
4,2020-05-17,Goa,-1.0,-1.0,0.0,-1.0,0.0,0.0,0.0,0.0
5,2020-05-18,Goa,-1.0,-1.0,0.0,-1.0,0.0,0.0,0.0,0.0
6,2020-05-19,Goa,-1.0,-1.0,0.0,-1.0,0.0,0.0,0.0,0.0
7,2020-05-20,Goa,-1.0,-1.0,0.0,-1.0,0.0,0.0,0.0,0.0
8,2020-05-21,Goa,-1.0,-1.0,0.0,-1.0,0.0,0.0,0.0,0.0
9,2020-05-22,Goa,-1.0,-1.0,0.0,-1.0,0.0,0.0,0.0,0.0
10,2020-05-23,Goa,-1.0,-1.0,0.0,-1.0,0.0,0.0,0.0,0.0
11,2020-05-24,Goa,-1.0,-1.0,0.0,-1.0,0.0,0.0,0.0,0.0
12,2020-05-25,Goa,-1.0,-1.0,0.0,-1.0,0.0,0.0,0.0,0.0
13,2020-05-26,Goa,-1.0,-1.0,0.0,-1.0,0.0,0.0,0.0,0.0
14,2020-05-27,Goa,-1.0,-1.0,0.0,-1.0,0.0,0.0,0.0,0.0
15,2020-05-28,Goa,-1.0,-1.0,0.0,-1.0,0.0,0.0,0.0,0.0
16,2020-05-29,Goa,-1.0,-1.0,0.0,-1.0,0.0,0.0,0.0,0.0
17,2020-05-30,Goa,-1.0,-1.0,0.0,-1.0,0.0,0.0,0.0,0.0
18,2020-05-31,Goa,-1.0,-1.0,0.0,-1.0,0.0,0.0,0.0,0.0
0,2020-05-13,Assam,4.0,-2.0,1.0,2.0,0.0,0.0,0.0,-63458864416.0
1,2020-05-14,Assam,5.0,-1.0,1.0,-1.0,1.0,1.0,0.0,-48524957545.0
2,2020-05-15,Assam,5.0,-1.0,1.0,6.0,1.0,1.0,0.0,-32102699414.0
3,2020-05-16,Assam,3.0,-1.0,1.0,14.0,1.0,1.0,0.0,-41157387287.0
4,2020-05-17,Assam,3.0,-1.0,1.0,13.0,1.0,1.0,0.0,-6982482456.0
5,2020-05-18,Assam,3.0,-1.0,1.0,4.0,843149041.0,0.0,0.0,-38912755100.0
6,2020-05-19,Assam,4.0,-1.0,1.0,5.0,843149041.0,1.0,0.0,93027539174.0
7,2020-05-20,Assam,3.0,-2.0,1.0,9.0,843149041.0,0.0,0.0,52162787323.0
8,2020-05-21,Assam,3.0,-1.0,1.0,8.0,843149041.0,1.0,0.0,52687256274.0
9,2020-05-22,Assam,3.0,-2.0,1.0,11.0,843149041.0,1.0,0.0,53211725225.0
10,2020-05-23,Assam,1.0,-2.0,1.0,10.0,843149041.0,1.0,0.0,50859949492.0
11,2020-05-24,Assam,1.0,-2.0,1.0,11.0,843149041.0,1.0,0.0,51384418443.0
12,2020-05-25,Assam,3.0,-1.0,1.0,9.0,843149041.0,1.0,0.0,73405479607.0
13,2020-05-26,Assam,3.0,-1.0,1.0,10.0,843149041.0,1.0,0.0,73929948558.0
14,2020-05-27,Assam,3.0,-1.0,1.0,12.0,843149041.0,1.0,0.0,74454417509.0
15,2020-05-28,Assam,3.0,-1.0,1.0,14.0,843149041.0,1.0,0.0,74978886459.0
16,2020-05-29,Assam,3.0,-1.0,1.0,16.0,843149041.0,1.0,0.0,75503355410.0
17,2020-05-30,Assam,1.0,-2.0,1.0,15.0,843149041.0,1.0,0.0,73151579682.0
18,2020-05-31,Assam,1.0,-2.0,1.0,16.0,843149041.0,1.0,0.0,73676048633.0
0,2020-05-13,Jharkhand,-150.0,-3.0,-1.0,-7.0,0.0,0.0,0.0,-2.0
1,2020-05-14,Jharkhand,-151.0,-3.0,-0.0,26.0,0.0,0.0,0.0,-3.0
2,2020-05-15,Jharkhand,-152.0,-3.0,-1.0,1.0,0.0,0.0,0.0,-3.0
3,2020-05-16,Jharkhand,-150.0,-4.0,-0.0,18.0,0.0,0.0,0.0,0.0
4,2020-05-17,Jharkhand,-149.0,-4.0,-1.0,-0.0,0.0,0.0,0.0,-0.0
5,2020-05-18,Jharkhand,-101.0,-0.0,-0.0,29.0,-14164634.0,0.0,0.0,-1.0
6,2020-05-19,Jharkhand,-102.0,-1.0,-0.0,15.0,-14164634.0,0.0,0.0,-2.0
7,2020-05-20,Jharkhand,-102.0,-2.0,-0.0,13.0,-14164634.0,0.0,0.0,-2.0
8,2020-05-21,Jharkhand,-103.0,-2.0,-0.0,12.0,-14164634.0,0.0,0.0,-3.0
9,2020-05-22,Jharkhand,-103.0,-2.0,-0.0,11.0,-14164634.0,0.0,0.0,-2.0
10,2020-05-23,Jharkhand,-103.0,-2.0,-0.0,11.0,-14164634.0,0.0,0.0,0.0
11,2020-05-24,Jharkhand,-103.0,-3.0,-0.0,12.0,-14164634.0,0.0,0.0,1.0
12,2020-05-25,Jharkhand,-101.0,-1.0,-0.0,18.0,-14164634.0,0.0,0.0,-2.0
13,2020-05-26,Jharkhand,-101.0,-1.0,-0.0,17.0,-14164634.0,0.0,0.0,-2.0
14,2020-05-27,Jharkhand,-102.0,-2.0,-0.0,16.0,-14164634.0,0.0,0.0,-2.0
15,2020-05-28,Jharkhand,-102.0,-2.0,-0.0,16.0,-14164634.0,0.0,0.0,-2.0
16,2020-05-29,Jharkhand,-102.0,-2.0,-0.0,16.0,-14164634.0,0.0,0.0,-1.0
17,2020-05-30,Jharkhand,-102.0,-2.0,-0.0,16.0,-14164634.0,0.0,0.0,2.0
18,2020-05-31,Jharkhand,-103.0,-2.0,-0.0,17.0,-14164634.0,0.0,0.0,3.0
0,2020-05-13,Arunachal Pradesh,-0.0,-0.0,-0.0,-0.0,0.0,0.0,0.0,0.0
1,2020-05-14,Arunachal Pradesh,-0.0,-0.0,-0.0,-0.0,0.0,0.0,0.0,0.0
2,2020-05-15,Arunachal Pradesh,-0.0,-0.0,-0.0,-0.0,0.0,0.0,0.0,0.0
3,2020-05-16,Arunachal Pradesh,-0.0,-0.0,-0.0,-0.0,0.0,0.0,0.0,0.0
4,2020-05-17,Arunachal Pradesh,-0.0,-0.0,-0.0,-0.0,0.0,0.0,0.0,0.0
5,2020-05-18,Arunachal Pradesh,-0.0,-0.0,-0.0,-0.0,0.0,0.0,0.0,0.0
6,2020-05-19,Arunachal Pradesh,-0.0,-0.0,-0.0,-0.0,0.0,0.0,0.0,0.0
7,2020-05-20,Arunachal Pradesh,-0.0,-0.0,-0.0,-0.0,0.0,0.0,0.0,0.0
8,2020-05-21,Arunachal Pradesh,-0.0,-0.0,-0.0,-0.0,0.0,0.0,0.0,0.0
9,2020-05-22,Arunachal Pradesh,-0.0,-0.0,-0.0,-0.0,0.0,0.0,0.0,0.0
10,2020-05-23,Arunachal Pradesh,-0.0,-0.0,-0.0,-0.0,0.0,0.0,0.0,0.0
11,2020-05-24,Arunachal Pradesh,-0.0,-0.0,-0.0,-0.0,0.0,0.0,0.0,0.0
12,2020-05-25,Arunachal Pradesh,-0.0,-0.0,-0.0,-0.0,0.0,0.0,0.0,0.0
13,2020-05-26,Arunachal Pradesh,-0.0,-0.0,-0.0,-0.0,0.0,0.0,0.0,0.0
14,2020-05-27,Arunachal Pradesh,-0.0,-0.0,-0.0,-0.0,0.0,0.0,0.0,0.0
15,2020-05-28,Arunachal Pradesh,-0.0,-0.0,-0.0,-0.0,0.0,0.0,0.0,0.0
16,2020-05-29,Arunachal Pradesh,-0.0,-0.0,-0.0,-0.0,0.0,0.0,0.0,0.0
17,2020-05-30,Arunachal Pradesh,-0.0,-0.0,-0.0,-0.0,0.0,0.0,0.0,0.0
18,2020-05-31,Arunachal Pradesh,-0.0,-0.0,-0.0,-0.0,0.0,0.0,0.0,0.0
0,2020-05-13,Tripura,-10145306287058.0,5.0,-3.0,270.0,0.0,0.0,0.0,0.0
1,2020-05-14,Tripura,-10145302227668.0,3.0,4.0,258.0,0.0,0.0,0.0,0.0
2,2020-05-15,Tripura,-10145298250338.0,-5.0,-24.0,45.0,0.0,0.0,0.0,0.0
3,2020-05-16,Tripura,-10145294104586.0,2.0,-15.0,8.0,0.0,0.0,0.0,0.0
4,2020-05-17,Tripura,-10145290092382.0,-8.0,-23.0,431.0,0.0,0.0,0.0,0.0
5,2020-05-18,Tripura,-10145309694360.0,-18.0,-20.0,1187.0,0.0,0.0,0.0,0.0
6,2020-05-19,Tripura,-10145305451013.0,-9.0,-19.0,106.0,0.0,0.0,0.0,0.0
7,2020-05-20,Tripura,-10145301431555.0,-10.0,-19.0,67.0,0.0,0.0,0.0,0.0
8,2020-05-21,Tripura,-10145297319555.0,-7.0,-19.0,-42.0,0.0,0.0,0.0,0.0
9,2020-05-22,Tripura,-10145293264983.0,-6.0,-19.0,-45.0,0.0,0.0,0.0,0.0
10,2020-05-23,Tripura,-10145289220597.0,-7.0,-19.0,-45.0,0.0,0.0,0.0,0.0
11,2020-05-24,Tripura,-10145285176210.0,-7.0,-19.0,-44.0,0.0,0.0,0.0,0.0
12,2020-05-25,Tripura,-10145269908222.0,-6.0,-19.0,-45.0,0.0,0.0,0.0,0.0
13,2020-05-26,Tripura,-10145265863836.0,-6.0,-19.0,-44.0,0.0,0.0,0.0,0.0
14,2020-05-27,Tripura,-10145261819450.0,-6.0,-19.0,-44.0,0.0,0.0,0.0,0.0
15,2020-05-28,Tripura,-10145257775063.0,-6.0,-19.0,-44.0,0.0,0.0,0.0,0.0
16,2020-05-29,Tripura,-10145253730677.0,-6.0,-19.0,-43.0,0.0,0.0,0.0,0.0
17,2020-05-30,Tripura,-10145249686291.0,-7.0,-19.0,-43.0,0.0,0.0,0.0,0.0
18,2020-05-31,Tripura,-10145245641904.0,-7.0,-19.0,-42.0,0.0,0.0,0.0,0.0
0,2020-05-13,Meghalaya,-4.0,-2.0,0.0,0.0,-0.0,-0.0,0.0,0.0
1,2020-05-14,Meghalaya,0.0,-2.0,0.0,1.0,-0.0,-0.0,0.0,0.0
2,2020-05-15,Meghalaya,0.0,-2.0,0.0,1.0,-0.0,-0.0,0.0,0.0
3,2020-05-16,Meghalaya,3.0,-2.0,0.0,2.0,-0.0,-0.0,0.0,0.0
4,2020-05-17,Meghalaya,-1.0,-2.0,0.0,3.0,-0.0,-0.0,0.0,0.0
5,2020-05-18,Meghalaya,1.0,-2.0,0.0,1.0,0.0,-0.0,0.0,0.0
6,2020-05-19,Meghalaya,1.0,-2.0,0.0,1.0,0.0,-0.0,0.0,0.0
7,2020-05-20,Meghalaya,1.0,-2.0,0.0,1.0,0.0,-0.0,0.0,0.0
8,2020-05-21,Meghalaya,1.0,-2.0,0.0,2.0,0.0,-0.0,0.0,0.0
9,2020-05-22,Meghalaya,1.0,-2.0,0.0,2.0,0.0,-0.0,0.0,0.0
10,2020-05-23,Meghalaya,2.0,-2.0,0.0,4.0,0.0,-0.0,0.0,0.0
11,2020-05-24,Meghalaya,2.0,-2.0,0.0,5.0,0.0,-0.0,0.0,0.0
12,2020-05-25,Meghalaya,1.0,-2.0,0.0,2.0,0.0,-0.0,0.0,0.0
13,2020-05-26,Meghalaya,1.0,-2.0,0.0,3.0,0.0,-0.0,0.0,0.0
14,2020-05-27,Meghalaya,1.0,-2.0,0.0,3.0,0.0,-0.0,0.0,0.0
15,2020-05-28,Meghalaya,1.0,-2.0,0.0,4.0,0.0,-0.0,0.0,0.0
16,2020-05-29,Meghalaya,1.0,-2.0,0.0,4.0,0.0,-0.0,0.0,0.0
17,2020-05-30,Meghalaya,2.0,-2.0,0.0,7.0,0.0,-0.0,0.0,0.0
18,2020-05-31,Meghalaya,2.0,-2.0,0.0,9.0,0.0,-0.0,0.0,0.0
0,2020-05-13,Dadar Nagar Haveli,-0.0,-0.0,-0.0,-0.0,0.0,0.0,0.0,0.0
1,2020-05-14,Dadar Nagar Haveli,-0.0,-0.0,-0.0,-0.0,0.0,0.0,0.0,0.0
2,2020-05-15,Dadar Nagar Haveli,-0.0,-0.0,-0.0,-0.0,0.0,0.0,0.0,0.0
3,2020-05-16,Dadar Nagar Haveli,-0.0,-0.0,-0.0,0.0,0.0,0.0,0.0,0.0
4,2020-05-17,Dadar Nagar Haveli,-0.0,-0.0,-0.0,0.0,0.0,0.0,0.0,0.0
5,2020-05-18,Dadar Nagar Haveli,-0.0,-0.0,-0.0,0.0,0.0,0.0,0.0,0.0
6,2020-05-19,Dadar Nagar Haveli,-0.0,-0.0,-0.0,0.0,0.0,0.0,0.0,0.0
7,2020-05-20,Dadar Nagar Haveli,-0.0,-0.0,-0.0,0.0,0.0,0.0,0.0,0.0
8,2020-05-21,Dadar Nagar Haveli,-0.0,-0.0,-0.0,0.0,0.0,0.0,0.0,0.0
9,2020-05-22,Dadar Nagar Haveli,-0.0,-0.0,-0.0,0.0,0.0,0.0,0.0,0.0
10,2020-05-23,Dadar Nagar Haveli,-0.0,-0.0,-0.0,0.0,0.0,0.0,0.0,0.0
11,2020-05-24,Dadar Nagar Haveli,-0.0,-0.0,-0.0,0.0,0.0,0.0,0.0,0.0
12,2020-05-25,Dadar Nagar Haveli,-0.0,-0.0,-0.0,0.0,0.0,0.0,0.0,0.0
13,2020-05-26,Dadar Nagar Haveli,-0.0,-0.0,-0.0,0.0,0.0,0.0,0.0,0.0
14,2020-05-27,Dadar Nagar Haveli,-0.0,-0.0,-0.0,0.0,0.0,0.0,0.0,0.0
15,2020-05-28,Dadar Nagar Haveli,-0.0,-0.0,-0.0,0.0,0.0,0.0,0.0,0.0
16,2020-05-29,Dadar Nagar Haveli,-0.0,-0.0,-0.0,0.0,0.0,0.0,0.0,0.0
17,2020-05-30,Dadar Nagar Haveli,-0.0,-0.0,-0.0,0.0,0.0,0.0,0.0,0.0
18,2020-05-31,Dadar Nagar Haveli,-0.0,-0.0,-0.0,0.0,0.0,0.0,0.0,0.0
