,date,cap,state,Confirmed,Deaths
0,2020-05-13,5000,Kerala,10.0,0.0
1,2020-05-14,5000,Kerala,11.0,-0.0
2,2020-05-15,5000,Kerala,14.0,-0.0
3,2020-05-16,5000,Kerala,14.0,0.0
4,2020-05-17,5000,Kerala,14.0,0.0
5,2020-05-18,5000,Kerala,16.0,0.0
6,2020-05-19,5000,Kerala,21.0,-0.0
7,2020-05-20,5000,Kerala,20.0,0.0
8,2020-05-21,5000,Kerala,22.0,-0.0
9,2020-05-22,5000,Kerala,26.0,-0.0
10,2020-05-23,5000,Kerala,27.0,0.0
11,2020-05-24,5000,Kerala,29.0,0.0
12,2020-05-25,5000,Kerala,32.0,0.0
13,2020-05-26,5000,Kerala,39.0,-0.0
14,2020-05-27,5000,Kerala,39.0,0.0
15,2020-05-28,5000,Kerala,43.0,-0.0
16,2020-05-29,5000,Kerala,49.0,-0.0
17,2020-05-30,5000,Kerala,53.0,0.0
18,2020-05-31,5000,Kerala,57.0,0.0
19,2020-05-13,5000,Telengana,35.0,1.0
20,2020-05-14,5000,Telengana,34.0,0.0
21,2020-05-15,5000,Telengana,45.0,1.0
22,2020-05-16,5000,Telengana,38.0,0.0
23,2020-05-17,5000,Telengana,54.0,1.0
24,2020-05-18,5000,Telengana,52.0,1.0
25,2020-05-19,5000,Telengana,60.0,0.0
26,2020-05-20,5000,Telengana,62.0,1.0
27,2020-05-21,5000,Telengana,63.0,1.0
28,2020-05-22,5000,Telengana,77.0,1.0
29,2020-05-23,5000,Telengana,72.0,1.0
30,2020-05-24,5000,Telengana,91.0,1.0
31,2020-05-25,5000,Telengana,92.0,1.0
32,2020-05-26,5000,Telengana,103.0,1.0
33,2020-05-27,5000,Telengana,109.0,1.0
34,2020-05-28,5000,Telengana,114.0,1.0
35,2020-05-29,5000,Telengana,132.0,1.0
36,2020-05-30,5000,Telengana,132.0,1.0
37,2020-05-31,5000,Telengana,155.0,1.0
38,2020-05-13,5000,Delhi,350.0,7.0
39,2020-05-14,5000,Delhi,368.0,9.0
40,2020-05-15,5000,Delhi,390.0,10.0
41,2020-05-16,5000,Delhi,384.0,11.0
42,2020-05-17,5000,Delhi,386.0,13.0
43,2020-05-18,5000,Delhi,426.0,16.0
44,2020-05-19,5000,Delhi,365.0,17.0
45,2020-05-20,5000,Delhi,369.0,21.0
46,2020-05-21,5000,Delhi,388.0,26.0
47,2020-05-22,5000,Delhi,410.0,30.0
48,2020-05-23,5000,Delhi,404.0,35.0
49,2020-05-24,5000,Delhi,407.0,41.0
50,2020-05-25,5000,Delhi,446.0,49.0
51,2020-05-26,5000,Delhi,386.0,55.0
52,2020-05-27,5000,Delhi,390.0,66.0
53,2020-05-28,5000,Delhi,408.0,79.0
54,2020-05-29,5000,Delhi,431.0,92.0
55,2020-05-30,5000,Delhi,425.0,107.0
56,2020-05-31,5000,Delhi,427.0,125.0
57,2020-05-13,5000,Rajasthan,189.0,4.0
58,2020-05-14,5000,Rajasthan,185.0,3.0
59,2020-05-15,5000,Rajasthan,209.0,4.0
60,2020-05-16,5000,Rajasthan,212.0,3.0
61,2020-05-17,5000,Rajasthan,229.0,3.0
62,2020-05-18,5000,Rajasthan,246.0,3.0
63,2020-05-19,5000,Rajasthan,261.0,4.0
64,2020-05-20,5000,Rajasthan,285.0,4.0
65,2020-05-21,5000,Rajasthan,287.0,3.0
66,2020-05-22,5000,Rajasthan,317.0,4.0
67,2020-05-23,5000,Rajasthan,326.0,2.0
68,2020-05-24,5000,Rajasthan,351.0,2.0
69,2020-05-25,5000,Rajasthan,375.0,3.0
70,2020-05-26,5000,Rajasthan,397.0,4.0
71,2020-05-27,5000,Rajasthan,429.0,3.0
72,2020-05-28,5000,Rajasthan,439.0,2.0
73,2020-05-29,5000,Rajasthan,477.0,3.0
74,2020-05-30,5000,Rajasthan,496.0,1.0
75,2020-05-31,5000,Rajasthan,529.0,2.0
76,2020-05-13,5000,Uttar Pradesh,120.0,5.0
77,2020-05-14,5000,Uttar Pradesh,127.0,5.0
78,2020-05-15,5000,Uttar Pradesh,138.0,5.0
79,2020-05-16,5000,Uttar Pradesh,149.0,6.0
80,2020-05-17,5000,Uttar Pradesh,175.0,7.0
81,2020-05-18,5000,Uttar Pradesh,142.0,6.0
82,2020-05-19,5000,Uttar Pradesh,183.0,8.0
83,2020-05-20,5000,Uttar Pradesh,151.0,8.0
84,2020-05-21,5000,Uttar Pradesh,160.0,8.0
85,2020-05-22,5000,Uttar Pradesh,171.0,9.0
86,2020-05-23,5000,Uttar Pradesh,183.0,10.0
87,2020-05-24,5000,Uttar Pradesh,210.0,11.0
88,2020-05-25,5000,Uttar Pradesh,178.0,10.0
89,2020-05-26,5000,Uttar Pradesh,220.0,13.0
90,2020-05-27,5000,Uttar Pradesh,189.0,14.0
91,2020-05-28,5000,Uttar Pradesh,199.0,14.0
92,2020-05-29,5000,Uttar Pradesh,211.0,15.0
93,2020-05-30,5000,Uttar Pradesh,224.0,16.0
94,2020-05-31,5000,Uttar Pradesh,252.0,18.0
95,2020-05-13,5000,Haryana,34.0,1.0
96,2020-05-14,5000,Haryana,26.0,1.0
97,2020-05-15,5000,Haryana,23.0,0.0
98,2020-05-16,5000,Haryana,23.0,1.0
99,2020-05-17,5000,Haryana,28.0,1.0
100,2020-05-18,5000,Haryana,23.0,1.0
101,2020-05-19,5000,Haryana,26.0,1.0
102,2020-05-20,5000,Haryana,26.0,1.0
103,2020-05-21,5000,Haryana,18.0,1.0
104,2020-05-22,5000,Haryana,15.0,0.0
105,2020-05-23,5000,Haryana,16.0,1.0
106,2020-05-24,5000,Haryana,21.0,1.0
107,2020-05-25,5000,Haryana,17.0,1.0
108,2020-05-26,5000,Haryana,20.0,1.0
109,2020-05-27,5000,Haryana,20.0,1.0
110,2020-05-28,5000,Haryana,12.0,1.0
111,2020-05-29,5000,Haryana,10.0,0.0
112,2020-05-30,5000,Haryana,11.0,1.0
113,2020-05-31,5000,Haryana,17.0,1.0
114,2020-05-13,5000,Ladakh,0.0,0.0
115,2020-05-14,5000,Ladakh,-0.0,-0.0
116,2020-05-15,5000,Ladakh,0.0,-0.0
117,2020-05-16,5000,Ladakh,-0.0,-0.0
118,2020-05-17,5000,Ladakh,1.0,-0.0
119,2020-05-18,5000,Ladakh,-1.0,0.0
120,2020-05-19,5000,Ladakh,-0.0,0.0
121,2020-05-20,5000,Ladakh,0.0,0.0
122,2020-05-21,5000,Ladakh,-0.0,-0.0
123,2020-05-22,5000,Ladakh,0.0,-0.0
124,2020-05-23,5000,Ladakh,-0.0,-0.0
125,2020-05-24,5000,Ladakh,1.0,-0.0
126,2020-05-25,5000,Ladakh,-1.0,0.0
127,2020-05-26,5000,Ladakh,-0.0,0.0
128,2020-05-27,5000,Ladakh,0.0,0.0
129,2020-05-28,5000,Ladakh,-0.0,-0.0
130,2020-05-29,5000,Ladakh,0.0,-0.0
131,2020-05-30,5000,Ladakh,-0.0,-0.0
132,2020-05-31,5000,Ladakh,1.0,-0.0
133,2020-05-13,5000,Tamil Nadu,590.0,4.0
134,2020-05-14,5000,Tamil Nadu,571.0,4.0
135,2020-05-15,5000,Tamil Nadu,562.0,3.0
136,2020-05-16,5000,Tamil Nadu,569.0,4.0
137,2020-05-17,5000,Tamil Nadu,554.0,4.0
138,2020-05-18,5000,Tamil Nadu,579.0,4.0
139,2020-05-19,5000,Tamil Nadu,596.0,4.0
140,2020-05-20,5000,Tamil Nadu,613.0,5.0
141,2020-05-21,5000,Tamil Nadu,595.0,5.0
142,2020-05-22,5000,Tamil Nadu,585.0,5.0
143,2020-05-23,5000,Tamil Nadu,593.0,6.0
144,2020-05-24,5000,Tamil Nadu,578.0,6.0
145,2020-05-25,5000,Tamil Nadu,603.0,6.0
146,2020-05-26,5000,Tamil Nadu,620.0,6.0
147,2020-05-27,5000,Tamil Nadu,638.0,7.0
148,2020-05-28,5000,Tamil Nadu,619.0,7.0
149,2020-05-29,5000,Tamil Nadu,610.0,7.0
150,2020-05-30,5000,Tamil Nadu,618.0,8.0
151,2020-05-31,5000,Tamil Nadu,603.0,8.0
152,2020-05-13,5000,Karnataka,41.0,0.0
153,2020-05-14,5000,Karnataka,46.0,1.0
154,2020-05-15,5000,Karnataka,48.0,1.0
155,2020-05-16,5000,Karnataka,57.0,0.0
156,2020-05-17,5000,Karnataka,59.0,1.0
157,2020-05-18,5000,Karnataka,67.0,1.0
158,2020-05-19,5000,Karnataka,71.0,0.0
159,2020-05-20,5000,Karnataka,77.0,0.0
160,2020-05-21,5000,Karnataka,86.0,1.0
161,2020-05-22,5000,Karnataka,91.0,1.0
162,2020-05-23,5000,Karnataka,104.0,0.0
163,2020-05-24,5000,Karnataka,111.0,1.0
164,2020-05-25,5000,Karnataka,123.0,0.0
165,2020-05-26,5000,Karnataka,133.0,0.0
166,2020-05-27,5000,Karnataka,144.0,0.0
167,2020-05-28,5000,Karnataka,159.0,0.0
168,2020-05-29,5000,Karnataka,171.0,0.0
169,2020-05-30,5000,Karnataka,190.0,-0.0
170,2020-05-31,5000,Karnataka,205.0,0.0
171,2020-05-13,5000,Maharashtra,1469.0,49.0
172,2020-05-14,5000,Maharashtra,1535.0,49.0
173,2020-05-15,5000,Maharashtra,1635.0,51.0
174,2020-05-16,5000,Maharashtra,1668.0,53.0
175,2020-05-17,5000,Maharashtra,1749.0,58.0
176,2020-05-18,5000,Maharashtra,1945.0,61.0
177,2020-05-19,5000,Maharashtra,1979.0,58.0
178,2020-05-20,5000,Maharashtra,1991.0,66.0
179,2020-05-21,5000,Maharashtra,2067.0,66.0
180,2020-05-22,5000,Maharashtra,2176.0,69.0
181,2020-05-23,5000,Maharashtra,2217.0,71.0
182,2020-05-24,5000,Maharashtra,2305.0,77.0
183,2020-05-25,5000,Maharashtra,2507.0,81.0
184,2020-05-26,5000,Maharashtra,2546.0,79.0
185,2020-05-27,5000,Maharashtra,2562.0,87.0
186,2020-05-28,5000,Maharashtra,2640.0,88.0
187,2020-05-29,5000,Maharashtra,2749.0,92.0
188,2020-05-30,5000,Maharashtra,2790.0,95.0
189,2020-05-31,5000,Maharashtra,2877.0,102.0
190,2020-05-13,5000,Punjab,25.0,1.0
191,2020-05-14,5000,Punjab,11.0,1.0
192,2020-05-15,5000,Punjab,9.0,1.0
193,2020-05-16,5000,Punjab,7.0,1.0
194,2020-05-17,5000,Punjab,12.0,1.0
195,2020-05-18,5000,Punjab,11.0,1.0
196,2020-05-19,5000,Punjab,-1.0,1.0
197,2020-05-20,5000,Punjab,6.0,1.0
198,2020-05-21,5000,Punjab,-3.0,1.0
199,2020-05-22,5000,Punjab,-1.0,1.0
200,2020-05-23,5000,Punjab,-0.0,0.0
201,2020-05-24,5000,Punjab,6.0,1.0
202,2020-05-25,5000,Punjab,6.0,1.0
203,2020-05-26,5000,Punjab,-4.0,1.0
204,2020-05-27,5000,Punjab,4.0,1.0
205,2020-05-28,5000,Punjab,-5.0,1.0
206,2020-05-29,5000,Punjab,-3.0,1.0
207,2020-05-30,5000,Punjab,-1.0,0.0
208,2020-05-31,5000,Punjab,5.0,1.0
209,2020-05-13,5000,Jammu and Kashmir,36.0,0.0
210,2020-05-14,5000,Jammu and Kashmir,47.0,0.0
211,2020-05-15,5000,Jammu and Kashmir,47.0,1.0
212,2020-05-16,5000,Jammu and Kashmir,55.0,1.0
213,2020-05-17,5000,Jammu and Kashmir,73.0,1.0
214,2020-05-18,5000,Jammu and Kashmir,75.0,1.0
215,2020-05-19,5000,Jammu and Kashmir,86.0,2.0
216,2020-05-20,5000,Jammu and Kashmir,94.0,2.0
217,2020-05-21,5000,Jammu and Kashmir,112.0,2.0
218,2020-05-22,5000,Jammu and Kashmir,122.0,3.0
219,2020-05-23,5000,Jammu and Kashmir,140.0,4.0
220,2020-05-24,5000,Jammu and Kashmir,169.0,5.0
221,2020-05-25,5000,Jammu and Kashmir,184.0,6.0
222,2020-05-26,5000,Jammu and Kashmir,209.0,8.0
223,2020-05-27,5000,Jammu and Kashmir,233.0,10.0
224,2020-05-28,5000,Jammu and Kashmir,269.0,12.0
225,2020-05-29,5000,Jammu and Kashmir,299.0,15.0
226,2020-05-30,5000,Jammu and Kashmir,339.0,19.0
227,2020-05-31,5000,Jammu and Kashmir,393.0,24.0
228,2020-05-13,5000,Andhra Pradesh,56.0,1.0
229,2020-05-14,5000,Andhra Pradesh,61.0,1.0
230,2020-05-15,5000,Andhra Pradesh,65.0,1.0
231,2020-05-16,5000,Andhra Pradesh,60.0,1.0
232,2020-05-17,5000,Andhra Pradesh,51.0,1.0
233,2020-05-18,5000,Andhra Pradesh,71.0,1.0
234,2020-05-19,5000,Andhra Pradesh,68.0,0.0
235,2020-05-20,5000,Andhra Pradesh,69.0,0.0
236,2020-05-21,5000,Andhra Pradesh,74.0,1.0
237,2020-05-22,5000,Andhra Pradesh,79.0,1.0
238,2020-05-23,5000,Andhra Pradesh,74.0,1.0
239,2020-05-24,5000,Andhra Pradesh,66.0,0.0
240,2020-05-25,5000,Andhra Pradesh,86.0,1.0
241,2020-05-26,5000,Andhra Pradesh,83.0,0.0
242,2020-05-27,5000,Andhra Pradesh,84.0,0.0
243,2020-05-28,5000,Andhra Pradesh,91.0,1.0
244,2020-05-29,5000,Andhra Pradesh,95.0,1.0
245,2020-05-30,5000,Andhra Pradesh,91.0,1.0
246,2020-05-31,5000,Andhra Pradesh,83.0,0.0
247,2020-05-13,5000,Uttarakhand,2.0,-0.0
248,2020-05-14,5000,Uttarakhand,2.0,-0.0
249,2020-05-15,5000,Uttarakhand,3.0,-0.0
250,2020-05-16,5000,Uttarakhand,4.0,-0.0
251,2020-05-17,5000,Uttarakhand,4.0,-0.0
252,2020-05-18,5000,Uttarakhand,4.0,0.0
253,2020-05-19,5000,Uttarakhand,4.0,-0.0
254,2020-05-20,5000,Uttarakhand,4.0,-0.0
255,2020-05-21,5000,Uttarakhand,5.0,-0.0
256,2020-05-22,5000,Uttarakhand,6.0,-0.0
257,2020-05-23,5000,Uttarakhand,7.0,-0.0
258,2020-05-24,5000,Uttarakhand,8.0,-0.0
259,2020-05-25,5000,Uttarakhand,8.0,0.0
260,2020-05-26,5000,Uttarakhand,8.0,-0.0
261,2020-05-27,5000,Uttarakhand,9.0,-0.0
262,2020-05-28,5000,Uttarakhand,11.0,-0.0
263,2020-05-29,5000,Uttarakhand,12.0,-0.0
264,2020-05-30,5000,Uttarakhand,14.0,-0.0
265,2020-05-31,5000,Uttarakhand,15.0,-0.0
266,2020-05-13,5000,Odisha,44.0,0.0
267,2020-05-14,5000,Odisha,56.0,0.0
268,2020-05-15,5000,Odisha,61.0,0.0
269,2020-05-16,5000,Odisha,64.0,0.0
270,2020-05-17,5000,Odisha,68.0,0.0
271,2020-05-18,5000,Odisha,79.0,0.0
272,2020-05-19,5000,Odisha,77.0,0.0
273,2020-05-20,5000,Odisha,81.0,0.0
274,2020-05-21,5000,Odisha,96.0,0.0
275,2020-05-22,5000,Odisha,104.0,0.0
276,2020-05-23,5000,Odisha,111.0,0.0
277,2020-05-24,5000,Odisha,119.0,0.0
278,2020-05-25,5000,Odisha,133.0,0.0
279,2020-05-26,5000,Odisha,136.0,0.0
280,2020-05-27,5000,Odisha,144.0,0.0
281,2020-05-28,5000,Odisha,164.0,0.0
282,2020-05-29,5000,Odisha,178.0,0.0
283,2020-05-30,5000,Odisha,191.0,0.0
284,2020-05-31,5000,Odisha,205.0,0.0
285,2020-05-13,5000,Puducherry,0.0,0.0
286,2020-05-14,5000,Puducherry,-0.0,0.0
287,2020-05-15,5000,Puducherry,-0.0,0.0
288,2020-05-16,5000,Puducherry,-0.0,0.0
289,2020-05-17,5000,Puducherry,-0.0,0.0
290,2020-05-18,5000,Puducherry,1.0,0.0
291,2020-05-19,5000,Puducherry,5.0,0.0
292,2020-05-20,5000,Puducherry,25.0,0.0
293,2020-05-21,5000,Puducherry,130.0,0.0
294,2020-05-22,5000,Puducherry,635.0,0.0
295,2020-05-23,5000,Puducherry,2211.0,0.0
296,2020-05-24,5000,Puducherry,4059.0,0.0
297,2020-05-25,5000,Puducherry,4796.0,0.0
298,2020-05-26,5000,Puducherry,4962.0,0.0
299,2020-05-27,5000,Puducherry,4993.0,0.0
300,2020-05-28,5000,Puducherry,4998.0,0.0
301,2020-05-29,5000,Puducherry,5000.0,0.0
302,2020-05-30,5000,Puducherry,5000.0,0.0
303,2020-05-31,5000,Puducherry,5000.0,0.0
304,2020-05-13,5000,West Bengal,108.0,6.0
305,2020-05-14,5000,West Bengal,110.0,4.0
306,2020-05-15,5000,West Bengal,105.0,5.0
307,2020-05-16,5000,West Bengal,102.0,4.0
308,2020-05-17,5000,West Bengal,109.0,2.0
309,2020-05-18,5000,West Bengal,98.0,2.0
310,2020-05-19,5000,West Bengal,133.0,11.0
311,2020-05-20,5000,West Bengal,94.0,1.0
312,2020-05-21,5000,West Bengal,96.0,-0.0
313,2020-05-22,5000,West Bengal,91.0,2.0
314,2020-05-23,5000,West Bengal,89.0,0.0
315,2020-05-24,5000,West Bengal,96.0,-0.0
316,2020-05-25,5000,West Bengal,85.0,-1.0
317,2020-05-26,5000,West Bengal,120.0,9.0
318,2020-05-27,5000,West Bengal,81.0,-1.0
319,2020-05-28,5000,West Bengal,83.0,-1.0
320,2020-05-29,5000,West Bengal,79.0,0.0
321,2020-05-30,5000,West Bengal,77.0,-1.0
322,2020-05-31,5000,West Bengal,85.0,-1.0
323,2020-05-13,5000,Chhattisgarh,2.0,-0.0
324,2020-05-14,5000,Chhattisgarh,3.0,0.0
325,2020-05-15,5000,Chhattisgarh,3.0,0.0
326,2020-05-16,5000,Chhattisgarh,5.0,-0.0
327,2020-05-17,5000,Chhattisgarh,5.0,-0.0
328,2020-05-18,5000,Chhattisgarh,10.0,-0.0
329,2020-05-19,5000,Chhattisgarh,10.0,-0.0
330,2020-05-20,5000,Chhattisgarh,15.0,-0.0
331,2020-05-21,5000,Chhattisgarh,20.0,0.0
332,2020-05-22,5000,Chhattisgarh,27.0,0.0
333,2020-05-23,5000,Chhattisgarh,36.0,-0.0
334,2020-05-24,5000,Chhattisgarh,47.0,-0.0
335,2020-05-25,5000,Chhattisgarh,66.0,-0.0
336,2020-05-26,5000,Chhattisgarh,85.0,-0.0
337,2020-05-27,5000,Chhattisgarh,114.0,-0.0
338,2020-05-28,5000,Chhattisgarh,152.0,0.0
339,2020-05-29,5000,Chhattisgarh,202.0,0.0
340,2020-05-30,5000,Chhattisgarh,268.0,-0.0
341,2020-05-31,5000,Chhattisgarh,351.0,-0.0
342,2020-05-13,5000,Chandigarh,8.0,0.0
343,2020-05-14,5000,Chandigarh,4.0,0.0
344,2020-05-15,5000,Chandigarh,4.0,0.0
345,2020-05-16,5000,Chandigarh,4.0,0.0
346,2020-05-17,5000,Chandigarh,4.0,0.0
347,2020-05-18,5000,Chandigarh,2.0,0.0
348,2020-05-19,5000,Chandigarh,4.0,0.0
349,2020-05-20,5000,Chandigarh,5.0,0.0
350,2020-05-21,5000,Chandigarh,1.0,0.0
351,2020-05-22,5000,Chandigarh,1.0,0.0
352,2020-05-23,5000,Chandigarh,2.0,0.0
353,2020-05-24,5000,Chandigarh,2.0,0.0
354,2020-05-25,5000,Chandigarh,-0.0,0.0
355,2020-05-26,5000,Chandigarh,2.0,0.0
356,2020-05-27,5000,Chandigarh,3.0,0.0
357,2020-05-28,5000,Chandigarh,-1.0,0.0
358,2020-05-29,5000,Chandigarh,0.0,0.0
359,2020-05-30,5000,Chandigarh,1.0,0.0
360,2020-05-31,5000,Chandigarh,1.0,0.0
361,2020-05-13,5000,Gujarat,413.0,30.0
362,2020-05-14,5000,Gujarat,422.0,26.0
363,2020-05-15,5000,Gujarat,433.0,24.0
364,2020-05-16,5000,Gujarat,446.0,24.0
365,2020-05-17,5000,Gujarat,551.0,23.0
366,2020-05-18,5000,Gujarat,471.0,25.0
367,2020-05-19,5000,Gujarat,460.0,23.0
368,2020-05-20,5000,Gujarat,479.0,26.0
369,2020-05-21,5000,Gujarat,489.0,23.0
370,2020-05-22,5000,Gujarat,502.0,20.0
371,2020-05-23,5000,Gujarat,517.0,21.0
372,2020-05-24,5000,Gujarat,623.0,20.0
373,2020-05-25,5000,Gujarat,545.0,22.0
374,2020-05-26,5000,Gujarat,535.0,20.0
375,2020-05-27,5000,Gujarat,555.0,23.0
376,2020-05-28,5000,Gujarat,567.0,20.0
377,2020-05-29,5000,Gujarat,581.0,18.0
378,2020-05-30,5000,Gujarat,597.0,19.0
379,2020-05-31,5000,Gujarat,704.0,17.0
380,2020-05-13,5000,Himachal Pradesh,4.0,0.0
381,2020-05-14,5000,Himachal Pradesh,3.0,0.0
382,2020-05-15,5000,Himachal Pradesh,5.0,0.0
383,2020-05-16,5000,Himachal Pradesh,4.0,0.0
384,2020-05-17,5000,Himachal Pradesh,4.0,0.0
385,2020-05-18,5000,Himachal Pradesh,5.0,0.0
386,2020-05-19,5000,Himachal Pradesh,6.0,0.0
387,2020-05-20,5000,Himachal Pradesh,7.0,0.0
388,2020-05-21,5000,Himachal Pradesh,7.0,0.0
389,2020-05-22,5000,Himachal Pradesh,9.0,0.0
390,2020-05-23,5000,Himachal Pradesh,9.0,0.0
391,2020-05-24,5000,Himachal Pradesh,9.0,0.0
392,2020-05-25,5000,Himachal Pradesh,11.0,0.0
393,2020-05-26,5000,Himachal Pradesh,12.0,0.0
394,2020-05-27,5000,Himachal Pradesh,13.0,0.0
395,2020-05-28,5000,Himachal Pradesh,14.0,0.0
396,2020-05-29,5000,Himachal Pradesh,17.0,0.0
397,2020-05-30,5000,Himachal Pradesh,17.0,0.0
398,2020-05-31,5000,Himachal Pradesh,18.0,0.0
399,2020-05-13,5000,Madhya Pradesh,164.0,4.0
400,2020-05-14,5000,Madhya Pradesh,171.0,6.0
401,2020-05-15,5000,Madhya Pradesh,197.0,4.0
402,2020-05-16,5000,Madhya Pradesh,182.0,6.0
403,2020-05-17,5000,Madhya Pradesh,236.0,5.0
404,2020-05-18,5000,Madhya Pradesh,196.0,4.0
405,2020-05-19,5000,Madhya Pradesh,259.0,4.0
406,2020-05-20,5000,Madhya Pradesh,272.0,2.0
407,2020-05-21,5000,Madhya Pradesh,286.0,4.0
408,2020-05-22,5000,Madhya Pradesh,321.0,2.0
409,2020-05-23,5000,Madhya Pradesh,314.0,4.0
410,2020-05-24,5000,Madhya Pradesh,377.0,3.0
411,2020-05-25,5000,Madhya Pradesh,347.0,2.0
412,2020-05-26,5000,Madhya Pradesh,422.0,3.0
413,2020-05-27,5000,Madhya Pradesh,445.0,1.0
414,2020-05-28,5000,Madhya Pradesh,471.0,3.0
415,2020-05-29,5000,Madhya Pradesh,518.0,1.0
416,2020-05-30,5000,Madhya Pradesh,525.0,3.0
417,2020-05-31,5000,Madhya Pradesh,602.0,2.0
418,2020-05-13,5000,Bihar,60.0,0.0
419,2020-05-14,5000,Bihar,67.0,0.0
420,2020-05-15,5000,Bihar,72.0,0.0
421,2020-05-16,5000,Bihar,81.0,1.0
422,2020-05-17,5000,Bihar,99.0,1.0
423,2020-05-18,5000,Bihar,115.0,1.0
424,2020-05-19,5000,Bihar,129.0,1.0
425,2020-05-20,5000,Bihar,146.0,1.0
426,2020-05-21,5000,Bihar,165.0,1.0
427,2020-05-22,5000,Bihar,182.0,1.0
428,2020-05-23,5000,Bihar,205.0,1.0
429,2020-05-24,5000,Bihar,240.0,1.0
430,2020-05-25,5000,Bihar,274.0,1.0
431,2020-05-26,5000,Bihar,308.0,1.0
432,2020-05-27,5000,Bihar,348.0,2.0
433,2020-05-28,5000,Bihar,392.0,2.0
434,2020-05-29,5000,Bihar,438.0,2.0
435,2020-05-30,5000,Bihar,491.0,3.0
436,2020-05-31,5000,Bihar,560.0,3.0
437,2020-05-13,5000,Manipur,0.0,-0.0
438,2020-05-14,5000,Manipur,0.0,-0.0
439,2020-05-15,5000,Manipur,1.0,0.0
440,2020-05-16,5000,Manipur,0.0,0.0
441,2020-05-17,5000,Manipur,1.0,-0.0
442,2020-05-18,5000,Manipur,1.0,0.0
443,2020-05-19,5000,Manipur,1.0,-0.0
444,2020-05-20,5000,Manipur,1.0,-0.0
445,2020-05-21,5000,Manipur,1.0,-0.0
446,2020-05-22,5000,Manipur,2.0,0.0
447,2020-05-23,5000,Manipur,2.0,0.0
448,2020-05-24,5000,Manipur,3.0,-0.0
449,2020-05-25,5000,Manipur,3.0,0.0
450,2020-05-26,5000,Manipur,3.0,-0.0
451,2020-05-27,5000,Manipur,4.0,-0.0
452,2020-05-28,5000,Manipur,5.0,-0.0
453,2020-05-29,5000,Manipur,6.0,0.0
454,2020-05-30,5000,Manipur,7.0,0.0
455,2020-05-31,5000,Manipur,8.0,-0.0
456,2020-05-13,5000,Mizoram,0.0,0.0
457,2020-05-14,5000,Mizoram,-0.0,0.0
458,2020-05-15,5000,Mizoram,-0.0,0.0
459,2020-05-16,5000,Mizoram,-0.0,0.0
460,2020-05-17,5000,Mizoram,-0.0,-0.0
461,2020-05-18,5000,Mizoram,-0.0,-0.0
462,2020-05-19,5000,Mizoram,0.0,-0.0
463,2020-05-20,5000,Mizoram,0.0,0.0
464,2020-05-21,5000,Mizoram,-0.0,0.0
465,2020-05-22,5000,Mizoram,-0.0,0.0
466,2020-05-23,5000,Mizoram,-0.0,0.0
467,2020-05-24,5000,Mizoram,-0.0,-0.0
468,2020-05-25,5000,Mizoram,-0.0,-0.0
469,2020-05-26,5000,Mizoram,0.0,-0.0
470,2020-05-27,5000,Mizoram,0.0,0.0
471,2020-05-28,5000,Mizoram,-0.0,0.0
472,2020-05-29,5000,Mizoram,-0.0,0.0
473,2020-05-30,5000,Mizoram,-0.0,0.0
474,2020-05-31,5000,Mizoram,-0.0,-0.0
475,2020-05-13,5000,Andaman and Nicobar Islands,-0.0,-0.0
476,2020-05-14,5000,Andaman and Nicobar Islands,-0.0,0.0
477,2020-05-15,5000,Andaman and Nicobar Islands,-0.0,0.0
478,2020-05-16,5000,Andaman and Nicobar Islands,0.0,0.0
479,2020-05-17,5000,Andaman and Nicobar Islands,0.0,0.0
480,2020-05-18,5000,Andaman and Nicobar Islands,-0.0,0.0
481,2020-05-19,5000,Andaman and Nicobar Islands,0.0,0.0
482,2020-05-20,5000,Andaman and Nicobar Islands,-0.0,-0.0
483,2020-05-21,5000,Andaman and Nicobar Islands,-0.0,0.0
484,2020-05-22,5000,Andaman and Nicobar Islands,-0.0,0.0
485,2020-05-23,5000,Andaman and Nicobar Islands,0.0,0.0
486,2020-05-24,5000,Andaman and Nicobar Islands,0.0,0.0
487,2020-05-25,5000,Andaman and Nicobar Islands,-0.0,0.0
488,2020-05-26,5000,Andaman and Nicobar Islands,0.0,0.0
489,2020-05-27,5000,Andaman and Nicobar Islands,-0.0,0.0
490,2020-05-28,5000,Andaman and Nicobar Islands,-0.0,0.0
491,2020-05-29,5000,Andaman and Nicobar Islands,-0.0,0.0
492,2020-05-30,5000,Andaman and Nicobar Islands,0.0,0.0
493,2020-05-31,5000,Andaman and Nicobar Islands,0.0,0.0
494,2020-05-13,5000,Goa,1.0,-0.0
495,2020-05-14,5000,Goa,2.0,0.0
496,2020-05-15,5000,Goa,3.0,0.0
497,2020-05-16,5000,Goa,3.0,0.0
498,2020-05-17,5000,Goa,5.0,0.0
499,2020-05-18,5000,Goa,8.0,0.0
500,2020-05-19,5000,Goa,10.0,0.0
501,2020-05-20,5000,Goa,16.0,-0.0
502,2020-05-21,5000,Goa,24.0,0.0
503,2020-05-22,5000,Goa,36.0,0.0
504,2020-05-23,5000,Goa,52.0,0.0
505,2020-05-24,5000,Goa,77.0,0.0
506,2020-05-25,5000,Goa,114.0,0.0
507,2020-05-26,5000,Goa,166.0,0.0
508,2020-05-27,5000,Goa,243.0,0.0
509,2020-05-28,5000,Goa,353.0,0.0
510,2020-05-29,5000,Goa,507.0,0.0
511,2020-05-30,5000,Goa,716.0,0.0
512,2020-05-31,5000,Goa,993.0,0.0
513,2020-05-13,5000,Assam,3.0,0.0
514,2020-05-14,5000,Assam,7.0,0.0
515,2020-05-15,5000,Assam,8.0,0.0
516,2020-05-16,5000,Assam,6.0,0.0
517,2020-05-17,5000,Assam,5.0,0.0
518,2020-05-18,5000,Assam,6.0,-0.0
519,2020-05-19,5000,Assam,6.0,-0.0
520,2020-05-20,5000,Assam,6.0,-0.0
521,2020-05-21,5000,Assam,10.0,-0.0
522,2020-05-22,5000,Assam,11.0,-0.0
523,2020-05-23,5000,Assam,9.0,0.0
524,2020-05-24,5000,Assam,9.0,0.0
525,2020-05-25,5000,Assam,10.0,-0.0
526,2020-05-26,5000,Assam,10.0,-0.0
527,2020-05-27,5000,Assam,11.0,-0.0
528,2020-05-28,5000,Assam,15.0,-0.0
529,2020-05-29,5000,Assam,16.0,-0.0
530,2020-05-30,5000,Assam,15.0,0.0
531,2020-05-31,5000,Assam,15.0,0.0
532,2020-05-13,5000,Jharkhand,8.0,-0.0
533,2020-05-14,5000,Jharkhand,7.0,-0.0
534,2020-05-15,5000,Jharkhand,10.0,0.0
535,2020-05-16,5000,Jharkhand,7.0,-0.0
536,2020-05-17,5000,Jharkhand,11.0,0.0
537,2020-05-18,5000,Jharkhand,7.0,0.0
538,2020-05-19,5000,Jharkhand,6.0,-0.0
539,2020-05-20,5000,Jharkhand,8.0,-0.0
540,2020-05-21,5000,Jharkhand,8.0,-0.0
541,2020-05-22,5000,Jharkhand,11.0,0.0
542,2020-05-23,5000,Jharkhand,7.0,-0.0
543,2020-05-24,5000,Jharkhand,12.0,0.0
544,2020-05-25,5000,Jharkhand,8.0,0.0
545,2020-05-26,5000,Jharkhand,7.0,-0.0
546,2020-05-27,5000,Jharkhand,9.0,-0.0
547,2020-05-28,5000,Jharkhand,8.0,-0.0
548,2020-05-29,5000,Jharkhand,11.0,0.0
549,2020-05-30,5000,Jharkhand,7.0,-0.0
550,2020-05-31,5000,Jharkhand,12.0,0.0
551,2020-05-13,5000,Arunachal Pradesh,0.0,0.0
552,2020-05-14,5000,Arunachal Pradesh,0.0,0.0
553,2020-05-15,5000,Arunachal Pradesh,0.0,0.0
554,2020-05-16,5000,Arunachal Pradesh,-0.0,-0.0
555,2020-05-17,5000,Arunachal Pradesh,-0.0,-0.0
556,2020-05-18,5000,Arunachal Pradesh,0.0,0.0
557,2020-05-19,5000,Arunachal Pradesh,0.0,-0.0
558,2020-05-20,5000,Arunachal Pradesh,0.0,0.0
559,2020-05-21,5000,Arunachal Pradesh,0.0,0.0
560,2020-05-22,5000,Arunachal Pradesh,0.0,0.0
561,2020-05-23,5000,Arunachal Pradesh,-0.0,-0.0
562,2020-05-24,5000,Arunachal Pradesh,-0.0,-0.0
563,2020-05-25,5000,Arunachal Pradesh,0.0,0.0
564,2020-05-26,5000,Arunachal Pradesh,0.0,-0.0
565,2020-05-27,5000,Arunachal Pradesh,0.0,0.0
566,2020-05-28,5000,Arunachal Pradesh,0.0,0.0
567,2020-05-29,5000,Arunachal Pradesh,0.0,0.0
568,2020-05-30,5000,Arunachal Pradesh,-0.0,-0.0
569,2020-05-31,5000,Arunachal Pradesh,-0.0,-0.0
570,2020-05-13,5000,Tripura,4.0,0.0
571,2020-05-14,5000,Tripura,1.0,0.0
572,2020-05-15,5000,Tripura,2.0,0.0
573,2020-05-16,5000,Tripura,0.0,0.0
574,2020-05-17,5000,Tripura,2.0,0.0
575,2020-05-18,5000,Tripura,2.0,0.0
576,2020-05-19,5000,Tripura,-1.0,0.0
577,2020-05-20,5000,Tripura,-0.0,0.0
578,2020-05-21,5000,Tripura,-1.0,0.0
579,2020-05-22,5000,Tripura,0.0,0.0
580,2020-05-23,5000,Tripura,-0.0,0.0
581,2020-05-24,5000,Tripura,1.0,0.0
582,2020-05-25,5000,Tripura,2.0,0.0
583,2020-05-26,5000,Tripura,-1.0,0.0
584,2020-05-27,5000,Tripura,-0.0,0.0
585,2020-05-28,5000,Tripura,-2.0,0.0
586,2020-05-29,5000,Tripura,0.0,0.0
587,2020-05-30,5000,Tripura,-0.0,0.0
588,2020-05-31,5000,Tripura,1.0,0.0
589,2020-05-13,5000,Meghalaya,1.0,0.0
590,2020-05-14,5000,Meghalaya,-0.0,-0.0
591,2020-05-15,5000,Meghalaya,0.0,0.0
592,2020-05-16,5000,Meghalaya,0.0,0.0
593,2020-05-17,5000,Meghalaya,0.0,0.0
594,2020-05-18,5000,Meghalaya,0.0,0.0
595,2020-05-19,5000,Meghalaya,-0.0,-0.0
596,2020-05-20,5000,Meghalaya,1.0,0.0
597,2020-05-21,5000,Meghalaya,-0.0,-0.0
598,2020-05-22,5000,Meghalaya,0.0,0.0
599,2020-05-23,5000,Meghalaya,0.0,0.0
600,2020-05-24,5000,Meghalaya,0.0,0.0
601,2020-05-25,5000,Meghalaya,0.0,0.0
602,2020-05-26,5000,Meghalaya,-0.0,-0.0
603,2020-05-27,5000,Meghalaya,1.0,0.0
604,2020-05-28,5000,Meghalaya,-0.0,-0.0
605,2020-05-29,5000,Meghalaya,0.0,0.0
606,2020-05-30,5000,Meghalaya,0.0,0.0
607,2020-05-31,5000,Meghalaya,0.0,0.0
608,2020-05-13,5000,Dadar Nagar Haveli,0.0,0.0
609,2020-05-14,5000,Dadar Nagar Haveli,-0.0,0.0
610,2020-05-15,5000,Dadar Nagar Haveli,0.0,-0.0
611,2020-05-16,5000,Dadar Nagar Haveli,0.0,0.0
612,2020-05-17,5000,Dadar Nagar Haveli,0.0,0.0
613,2020-05-18,5000,Dadar Nagar Haveli,0.0,0.0
614,2020-05-19,5000,Dadar Nagar Haveli,0.0,0.0
615,2020-05-20,5000,Dadar Nagar Haveli,0.0,0.0
616,2020-05-21,5000,Dadar Nagar Haveli,-0.0,0.0
617,2020-05-22,5000,Dadar Nagar Haveli,-0.0,-0.0
618,2020-05-23,5000,Dadar Nagar Haveli,0.0,0.0
619,2020-05-24,5000,Dadar Nagar Haveli,0.0,0.0
620,2020-05-25,5000,Dadar Nagar Haveli,0.0,0.0
621,2020-05-26,5000,Dadar Nagar Haveli,0.0,0.0
622,2020-05-27,5000,Dadar Nagar Haveli,0.0,0.0
623,2020-05-28,5000,Dadar Nagar Haveli,-0.0,0.0
624,2020-05-29,5000,Dadar Nagar Haveli,-0.0,-0.0
625,2020-05-30,5000,Dadar Nagar Haveli,0.0,0.0
626,2020-05-31,5000,Dadar Nagar Haveli,0.0,0.0
