,date,state,Confirmed_pred,Deaths_pred,Sno,Date,State,Cured,Deaths_act,Confirmed_act
0,2020-05-13,Kerala,5.0,0.0,1886,2020-05-13,Kerala,0,0,5
1,2020-05-14,Kerala,10.0,0.0,1919,2020-05-14,Kerala,1,0,10
2,2020-05-15,Kerala,26.0,0.0,1952,2020-05-15,Kerala,1,0,26
3,2020-05-16,Kerala,16.0,0.0,1985,2020-05-16,Kerala,1,0,16
4,2020-05-17,Kerala,11.0,0.0,2018,2020-05-17,Kerala,3,0,11
5,2020-05-18,Kerala,14.0,0.0,2051,2020-05-18,Kerala,2,0,14
6,2020-05-19,Kerala,29.0,0.0,2084,2020-05-19,Kerala,0,0,29
7,2020-05-20,Kerala,25.0,0.0,2117,2020-05-20,Kerala,0,0,12
8,2020-05-21,Kerala,28.0,0.0,2151,2020-05-21,Kerala,5,0,24
9,2020-05-22,Kerala,30.0,0.0,2185,2020-05-22,Kerala,8,0,24
10,2020-05-23,Kerala,33.0,0.0,2219,2020-05-23,Kerala,2,0,42
11,2020-05-24,Kerala,35.0,0.0,2253,2020-05-24,Kerala,3,0,63
12,2020-05-25,Kerala,38.0,0.0,2288,2020-05-25,Kerala,6,0,52
13,2020-05-26,Kerala,41.0,0.0,2323,2020-05-26,Kerala,11,1,49
14,2020-05-27,Kerala,43.0,0.0,2359,2020-05-27,Kerala,10,1,67
15,2020-05-28,Kerala,46.0,0.0,2395,2020-05-28,Kerala,10,1,41
16,2020-05-29,Kerala,48.0,0.0,2431,2020-05-29,Kerala,0,0,0
17,2020-05-13,Telengana,51.0,2.0,1898,2020-05-13,Telengana,30,2,51
18,2020-05-14,Telengana,41.0,2.0,1931,2020-05-14,Telengana,110,2,41
19,2020-05-15,Telengana,47.0,0.0,1964,2020-05-15,Telengana,10,0,47
20,2020-05-16,Telengana,40.0,0.0,1997,2020-05-16,Telengana,9,0,40
21,2020-05-17,Telengana,55.0,0.0,2030,2020-05-17,Telengana,12,0,55
22,2020-05-18,Telengana,42.0,0.0,2063,2020-05-18,Telengana,21,0,42
23,2020-05-19,Telengana,46.0,1.0,2096,2020-05-19,Telengana,8,1,46
24,2020-05-20,Telengana,47.0,1.0,2129,2020-05-20,Telengana,10,3,37
25,2020-05-21,Telengana,48.0,1.0,2163,2020-05-21,Telengana,5,2,27
26,2020-05-22,Telengana,49.0,1.0,2197,2020-05-22,Telengana,20,5,38
27,2020-05-23,Telengana,49.0,1.0,2231,2020-05-23,Telengana,8,0,62
28,2020-05-24,Telengana,50.0,1.0,2266,2020-05-24,Telengana,22,4,52
29,2020-05-25,Telengana,50.0,1.0,2301,2020-05-25,Telengana,25,4,41
30,2020-05-26,Telengana,51.0,1.0,2337,2020-05-26,Telengana,74,3,66
31,2020-05-27,Telengana,52.0,1.0,2373,2020-05-27,Telengana,120,1,71
32,2020-05-28,Telengana,52.0,1.0,2409,2020-05-28,Telengana,0,6,107
33,2020-05-29,Telengana,53.0,1.0,2445,2020-05-29,Telengana,0,0,0
34,2020-05-13,Delhi,406.0,13.0,1878,2020-05-13,Delhi,383,13,406
35,2020-05-14,Delhi,359.0,20.0,1911,2020-05-14,Delhi,346,20,359
36,2020-05-15,Delhi,472.0,9.0,1944,2020-05-15,Delhi,187,9,472
37,2020-05-16,Delhi,425.0,8.0,1977,2020-05-16,Delhi,473,8,425
38,2020-05-17,Delhi,438.0,6.0,2010,2020-05-17,Delhi,408,6,438
39,2020-05-18,Delhi,721.0,31.0,2043,2020-05-18,Delhi,559,31,721
40,2020-05-19,Delhi,0.0,8.0,2076,2020-05-19,Delhi,0,8,0
41,2020-05-20,Delhi,447.0,17.0,2109,2020-05-20,Delhi,265,0,500
42,2020-05-21,Delhi,458.0,18.0,2143,2020-05-21,Delhi,442,8,534
43,2020-05-22,Delhi,469.0,20.0,2177,2020-05-22,Delhi,375,18,571
44,2020-05-23,Delhi,480.0,21.0,2211,2020-05-23,Delhi,330,14,660
45,2020-05-24,Delhi,492.0,23.0,2245,2020-05-24,Delhi,370,23,591
46,2020-05-25,Delhi,503.0,24.0,2280,2020-05-25,Delhi,273,30,508
47,2020-05-26,Delhi,514.0,26.0,2315,2020-05-26,Delhi,231,15,635
48,2020-05-27,Delhi,525.0,27.0,2351,2020-05-27,Delhi,452,12,412
49,2020-05-28,Delhi,536.0,29.0,2387,2020-05-28,Delhi,41,15,792
50,2020-05-29,Delhi,548.0,30.0,2423,2020-05-29,Delhi,0,0,0
51,2020-05-13,Rajasthan,138.0,4.0,1896,2020-05-13,Rajasthan,114,4,138
52,2020-05-14,Rajasthan,202.0,4.0,1929,2020-05-14,Rajasthan,81,4,202
53,2020-05-15,Rajasthan,206.0,4.0,1962,2020-05-15,Rajasthan,121,4,206
54,2020-05-16,Rajasthan,193.0,0.0,1995,2020-05-16,Rajasthan,97,0,193
55,2020-05-17,Rajasthan,233.0,1.0,2028,2020-05-17,Rajasthan,162,1,233
56,2020-05-18,Rajasthan,242.0,5.0,2061,2020-05-18,Rajasthan,153,5,242
57,2020-05-19,Rajasthan,305.0,7.0,2094,2020-05-19,Rajasthan,226,7,305
58,2020-05-20,Rajasthan,258.0,5.0,2127,2020-05-20,Rajasthan,119,5,338
59,2020-05-21,Rajasthan,261.0,5.0,2161,2020-05-21,Rajasthan,67,4,170
60,2020-05-22,Rajasthan,264.0,5.0,2195,2020-05-22,Rajasthan,81,4,212
61,2020-05-23,Rajasthan,268.0,5.0,2229,2020-05-23,Rajasthan,195,2,267
62,2020-05-24,Rajasthan,271.0,5.0,2263,2020-05-24,Rajasthan,106,7,248
63,2020-05-25,Rajasthan,274.0,5.0,2298,2020-05-25,Rajasthan,62,3,286
64,2020-05-26,Rajasthan,278.0,5.0,2334,2020-05-26,Rajasthan,103,4,272
65,2020-05-27,Rajasthan,281.0,5.0,2370,2020-05-27,Rajasthan,220,3,236
66,2020-05-28,Rajasthan,284.0,5.0,2406,2020-05-28,Rajasthan,286,3,167
67,2020-05-29,Rajasthan,287.0,5.0,2442,2020-05-29,Rajasthan,0,0,0
68,2020-05-13,Uttar Pradesh,91.0,2.0,1901,2020-05-13,Uttar Pradesh,115,2,91
69,2020-05-14,Uttar Pradesh,65.0,1.0,1934,2020-05-14,Uttar Pradesh,29,1,65
70,2020-05-15,Uttar Pradesh,173.0,5.0,1967,2020-05-15,Uttar Pradesh,170,5,173
71,2020-05-16,Uttar Pradesh,155.0,7.0,2000,2020-05-16,Uttar Pradesh,93,7,155
72,2020-05-17,Uttar Pradesh,201.0,9.0,2033,2020-05-17,Uttar Pradesh,276,9,201
73,2020-05-18,Uttar Pradesh,1.0,0.0,2066,2020-05-18,Uttar Pradesh,0,0,1
74,2020-05-19,Uttar Pradesh,346.0,14.0,2099,2020-05-19,Uttar Pradesh,342,14,346
75,2020-05-20,Uttar Pradesh,148.0,6.0,2132,2020-05-20,Uttar Pradesh,135,5,321
76,2020-05-21,Uttar Pradesh,151.0,6.0,2166,2020-05-21,Uttar Pradesh,148,4,249
77,2020-05-22,Uttar Pradesh,153.0,6.0,2200,2020-05-22,Uttar Pradesh,138,11,340
78,2020-05-23,Uttar Pradesh,155.0,7.0,2234,2020-05-23,Uttar Pradesh,34,14,220
79,2020-05-24,Uttar Pradesh,157.0,7.0,2269,2020-05-24,Uttar Pradesh,168,3,282
80,2020-05-25,Uttar Pradesh,159.0,7.0,2304,2020-05-25,Uttar Pradesh,132,6,251
81,2020-05-26,Uttar Pradesh,161.0,7.0,2340,2020-05-26,Uttar Pradesh,43,4,264
82,2020-05-27,Uttar Pradesh,163.0,7.0,2376,2020-05-27,Uttar Pradesh,117,5,16
83,2020-05-28,Uttar Pradesh,165.0,8.0,2412,2020-05-28,Uttar Pradesh,293,12,443
84,2020-05-29,Uttar Pradesh,167.0,8.0,2448,2020-05-29,Uttar Pradesh,0,0,0
85,2020-05-13,Haryana,50.0,0.0,1881,2020-05-13,Haryana,5,0,50
86,2020-05-14,Haryana,13.0,0.0,1914,2020-05-14,Haryana,76,0,13
87,2020-05-15,Haryana,25.0,0.0,1947,2020-05-15,Haryana,21,0,25
88,2020-05-16,Haryana,0.0,0.0,1980,2020-05-16,Haryana,0,0,0
89,2020-05-17,Haryana,69.0,2.0,2013,2020-05-17,Haryana,75,2,69
90,2020-05-18,Haryana,23.0,1.0,2046,2020-05-18,Haryana,48,1,23
91,2020-05-19,Haryana,18.0,0.0,2079,2020-05-19,Haryana,36,0,18
92,2020-05-20,Haryana,29.0,0.0,2112,2020-05-20,Haryana,29,0,36
93,2020-05-21,Haryana,30.0,0.0,2146,2020-05-21,Haryana,21,0,29
94,2020-05-22,Haryana,30.0,0.0,2180,2020-05-22,Haryana,33,1,38
95,2020-05-23,Haryana,30.0,0.0,2214,2020-05-23,Haryana,25,1,36
96,2020-05-24,Haryana,31.0,0.0,2248,2020-05-24,Haryana,44,0,64
97,2020-05-25,Haryana,31.0,0.0,2283,2020-05-25,Haryana,15,0,53
98,2020-05-26,Haryana,32.0,0.0,2318,2020-05-26,Haryana,0,0,0
99,2020-05-27,Haryana,32.0,0.0,2354,2020-05-27,Haryana,59,1,121
100,2020-05-28,Haryana,32.0,0.0,2390,2020-05-28,Haryana,14,1,76
101,2020-05-29,Haryana,33.0,0.0,2426,2020-05-29,Haryana,0,0,0
102,2020-05-13,Ladakh,0.0,0.0,1887,2020-05-13,Ladakh,0,0,0
103,2020-05-14,Ladakh,1.0,0.0,1920,2020-05-14,Ladakh,1,0,1
104,2020-05-15,Ladakh,0.0,0.0,1953,2020-05-15,Ladakh,0,0,0
105,2020-05-16,Ladakh,0.0,0.0,1986,2020-05-16,Ladakh,0,0,0
106,2020-05-17,Ladakh,0.0,0.0,2019,2020-05-17,Ladakh,0,0,0
107,2020-05-18,Ladakh,0.0,0.0,2052,2020-05-18,Ladakh,2,0,0
108,2020-05-19,Ladakh,0.0,0.0,2085,2020-05-19,Ladakh,17,0,0
109,2020-05-20,Ladakh,1.0,0.0,2118,2020-05-20,Ladakh,2,0,0
110,2020-05-21,Ladakh,1.0,0.0,2152,2020-05-21,Ladakh,0,0,1
111,2020-05-22,Ladakh,1.0,0.0,2186,2020-05-22,Ladakh,0,0,0
112,2020-05-23,Ladakh,1.0,0.0,2220,2020-05-23,Ladakh,0,0,0
113,2020-05-24,Ladakh,1.0,0.0,2254,2020-05-24,Ladakh,0,0,5
114,2020-05-25,Ladakh,1.0,0.0,2289,2020-05-25,Ladakh,0,0,3
115,2020-05-26,Ladakh,1.0,0.0,2324,2020-05-26,Ladakh,0,0,0
116,2020-05-27,Ladakh,1.0,0.0,2360,2020-05-27,Ladakh,0,0,1
117,2020-05-28,Ladakh,1.0,0.0,2396,2020-05-28,Ladakh,0,0,0
118,2020-05-29,Ladakh,1.0,0.0,2432,2020-05-29,Ladakh,0,0,0
119,2020-05-13,Tamil Nadu,716.0,8.0,1897,2020-05-13,Tamil Nadu,83,8,716
120,2020-05-14,Tamil Nadu,509.0,3.0,1930,2020-05-14,Tamil Nadu,42,3,509
121,2020-05-15,Tamil Nadu,447.0,2.0,1963,2020-05-15,Tamil Nadu,64,2,447
122,2020-05-16,Tamil Nadu,434.0,5.0,1996,2020-05-16,Tamil Nadu,359,5,434
123,2020-05-17,Tamil Nadu,477.0,3.0,2029,2020-05-17,Tamil Nadu,939,3,477
124,2020-05-18,Tamil Nadu,639.0,4.0,2062,2020-05-18,Tamil Nadu,634,4,639
125,2020-05-19,Tamil Nadu,536.0,3.0,2095,2020-05-19,Tamil Nadu,234,3,536
126,2020-05-20,Tamil Nadu,560.0,4.0,2128,2020-05-20,Tamil Nadu,489,3,688
127,2020-05-21,Tamil Nadu,567.0,4.0,2162,2020-05-21,Tamil Nadu,987,3,743
128,2020-05-22,Tamil Nadu,575.0,4.0,2196,2020-05-22,Tamil Nadu,400,7,776
129,2020-05-23,Tamil Nadu,582.0,4.0,2230,2020-05-23,Tamil Nadu,846,4,786
130,2020-05-24,Tamil Nadu,590.0,4.0,2265,2020-05-24,Tamil Nadu,363,5,759
131,2020-05-25,Tamil Nadu,597.0,4.0,2300,2020-05-25,Tamil Nadu,833,8,765
132,2020-05-26,Tamil Nadu,604.0,4.0,2336,2020-05-26,Tamil Nadu,407,7,805
133,2020-05-27,Tamil Nadu,612.0,4.0,2372,2020-05-27,Tamil Nadu,611,9,646
134,2020-05-28,Tamil Nadu,619.0,4.0,2408,2020-05-28,Tamil Nadu,567,6,817
135,2020-05-29,Tamil Nadu,627.0,4.0,2444,2020-05-29,Tamil Nadu,0,0,0
136,2020-05-13,Karnataka,63.0,0.0,1885,2020-05-13,Karnataka,7,0,63
137,2020-05-14,Karnataka,34.0,2.0,1918,2020-05-14,Karnataka,18,2,34
138,2020-05-15,Karnataka,28.0,2.0,1951,2020-05-15,Karnataka,9,2,28
139,2020-05-16,Karnataka,69.0,1.0,1984,2020-05-16,Karnataka,20,1,69
140,2020-05-17,Karnataka,36.0,0.0,2017,2020-05-17,Karnataka,16,0,36
141,2020-05-18,Karnataka,55.0,1.0,2050,2020-05-18,Karnataka,13,1,55
142,2020-05-19,Karnataka,99.0,0.0,2083,2020-05-19,Karnataka,21,0,99
143,2020-05-20,Karnataka,68.0,1.0,2116,2020-05-20,Karnataka,14,3,151
144,2020-05-21,Karnataka,73.0,1.0,2150,2020-05-21,Karnataka,12,1,65
145,2020-05-22,Karnataka,77.0,1.0,2184,2020-05-22,Karnataka,15,0,143
146,2020-05-23,Karnataka,82.0,1.0,2218,2020-05-23,Karnataka,26,0,138
147,2020-05-24,Karnataka,87.0,1.0,2252,2020-05-24,Karnataka,11,1,216
148,2020-05-25,Karnataka,91.0,1.0,2287,2020-05-25,Karnataka,46,0,130
149,2020-05-26,Karnataka,96.0,1.0,2322,2020-05-26,Karnataka,51,2,93
150,2020-05-27,Karnataka,100.0,1.0,2358,2020-05-27,Karnataka,43,0,101
151,2020-05-28,Karnataka,105.0,1.0,2394,2020-05-28,Karnataka,33,3,135
152,2020-05-29,Karnataka,109.0,1.0,2430,2020-05-29,Karnataka,0,0,0
153,2020-05-13,Maharashtra,1026.0,53.0,1889,2020-05-13,Maharashtra,339,53,1026
154,2020-05-14,Maharashtra,1495.0,54.0,1922,2020-05-14,Maharashtra,422,54,1495
155,2020-05-15,Maharashtra,1602.0,44.0,1955,2020-05-15,Maharashtra,512,44,1602
156,2020-05-16,Maharashtra,1576.0,49.0,1988,2020-05-16,Maharashtra,505,49,1576
157,2020-05-17,Maharashtra,1606.0,67.0,2021,2020-05-17,Maharashtra,524,67,1606
158,2020-05-18,Maharashtra,2347.0,63.0,2054,2020-05-18,Maharashtra,600,63,2347
159,2020-05-19,Maharashtra,2005.0,51.0,2087,2020-05-19,Maharashtra,749,51,2005
160,2020-05-20,Maharashtra,1955.0,60.0,2120,2020-05-20,Maharashtra,1202,76,2078
161,2020-05-21,Maharashtra,2029.0,61.0,2154,2020-05-21,Maharashtra,679,65,2161
162,2020-05-22,Maharashtra,2103.0,63.0,2188,2020-05-22,Maharashtra,1408,64,2345
163,2020-05-23,Maharashtra,2177.0,64.0,2222,2020-05-23,Maharashtra,857,63,2940
164,2020-05-24,Maharashtra,2251.0,66.0,2256,2020-05-24,Maharashtra,821,60,2608
165,2020-05-25,Maharashtra,2325.0,67.0,2291,2020-05-25,Maharashtra,1196,58,3041
166,2020-05-26,Maharashtra,2399.0,69.0,2326,2020-05-26,Maharashtra,1186,60,2436
167,2020-05-27,Maharashtra,2473.0,71.0,2362,2020-05-27,Maharashtra,1168,97,2091
168,2020-05-28,Maharashtra,2547.0,72.0,2398,2020-05-28,Maharashtra,964,105,2190
169,2020-05-29,Maharashtra,2622.0,74.0,2434,2020-05-29,Maharashtra,0,0,0
170,2020-05-13,Punjab,37.0,1.0,1895,2020-05-13,Punjab,3,1,37
171,2020-05-14,Punjab,10.0,0.0,1928,2020-05-14,Punjab,29,0,10
172,2020-05-15,Punjab,11.0,0.0,1961,2020-05-15,Punjab,23,0,11
173,2020-05-16,Punjab,0.0,0.0,1994,2020-05-16,Punjab,82,0,0
174,2020-05-17,Punjab,11.0,0.0,2027,2020-05-17,Punjab,952,0,11
175,2020-05-18,Punjab,18.0,3.0,2060,2020-05-18,Punjab,109,3,18
176,2020-05-19,Punjab,16.0,2.0,2093,2020-05-19,Punjab,181,2,16
177,2020-05-20,Punjab,16.0,1.0,2126,2020-05-20,Punjab,95,1,22
178,2020-05-21,Punjab,16.0,1.0,2160,2020-05-21,Punjab,152,0,3
179,2020-05-22,Punjab,17.0,1.0,2194,2020-05-22,Punjab,25,1,23
180,2020-05-23,Punjab,17.0,1.0,2228,2020-05-23,Punjab,28,0,1
181,2020-05-24,Punjab,17.0,1.0,2262,2020-05-24,Punjab,23,0,16
182,2020-05-25,Punjab,17.0,1.0,2297,2020-05-25,Punjab,28,1,15
183,2020-05-26,Punjab,18.0,1.0,2333,2020-05-26,Punjab,0,0,0
184,2020-05-27,Punjab,18.0,1.0,2369,2020-05-27,Punjab,20,0,46
185,2020-05-28,Punjab,18.0,1.0,2405,2020-05-28,Punjab,0,0,33
186,2020-05-29,Punjab,18.0,1.0,2441,2020-05-29,Punjab,0,0,0
187,2020-05-13,Jammu and Kashmir,55.0,0.0,1883,2020-05-13,Jammu and Kashmir,28,0,55
188,2020-05-14,Jammu and Kashmir,37.0,1.0,1916,2020-05-14,Jammu and Kashmir,11,1,37
189,2020-05-15,Jammu and Kashmir,12.0,0.0,1949,2020-05-15,Jammu and Kashmir,19,0,12
190,2020-05-16,Jammu and Kashmir,30.0,0.0,1982,2020-05-16,Jammu and Kashmir,28,0,30
191,2020-05-17,Jammu and Kashmir,108.0,1.0,2015,2020-05-17,Jammu and Kashmir,29,1,108
192,2020-05-18,Jammu and Kashmir,62.0,1.0,2048,2020-05-18,Jammu and Kashmir,33,1,62
193,2020-05-19,Jammu and Kashmir,106.0,2.0,2081,2020-05-19,Jammu and Kashmir,34,2,106
194,2020-05-20,Jammu and Kashmir,94.0,0.0,2114,2020-05-20,Jammu and Kashmir,44,2,28
195,2020-05-21,Jammu and Kashmir,105.0,0.0,2148,2020-05-21,Jammu and Kashmir,25,1,73
196,2020-05-22,Jammu and Kashmir,117.0,0.0,2182,2020-05-22,Jammu and Kashmir,6,2,59
197,2020-05-23,Jammu and Kashmir,129.0,1.0,2216,2020-05-23,Jammu and Kashmir,36,0,40
198,2020-05-24,Jammu and Kashmir,140.0,1.0,2250,2020-05-24,Jammu and Kashmir,54,1,80
199,2020-05-25,Jammu and Kashmir,152.0,1.0,2285,2020-05-25,Jammu and Kashmir,35,0,52
200,2020-05-26,Jammu and Kashmir,164.0,1.0,2320,2020-05-26,Jammu and Kashmir,0,2,47
201,2020-05-27,Jammu and Kashmir,175.0,1.0,2356,2020-05-27,Jammu and Kashmir,24,1,91
202,2020-05-28,Jammu and Kashmir,187.0,1.0,2392,2020-05-28,Jammu and Kashmir,21,2,162
203,2020-05-29,Jammu and Kashmir,199.0,1.0,2428,2020-05-29,Jammu and Kashmir,0,0,0
204,2020-05-13,Andhra Pradesh,72.0,1.0,1871,2020-05-13,Andhra Pradesh,81,1,72
205,2020-05-14,Andhra Pradesh,47.0,1.0,1904,2020-05-14,Andhra Pradesh,86,1,47
206,2020-05-15,Andhra Pradesh,68.0,1.0,1937,2020-05-15,Andhra Pradesh,50,1,68
207,2020-05-16,Andhra Pradesh,102.0,0.0,1970,2020-05-16,Andhra Pradesh,60,0,102
208,2020-05-17,Andhra Pradesh,48.0,1.0,2003,2020-05-17,Andhra Pradesh,101,1,48
209,2020-05-18,Andhra Pradesh,52.0,1.0,2036,2020-05-18,Andhra Pradesh,103,1,52
210,2020-05-19,Andhra Pradesh,67.0,0.0,2069,2020-05-19,Andhra Pradesh,96,0,67
211,2020-05-20,Andhra Pradesh,74.0,1.0,2102,2020-05-20,Andhra Pradesh,69,2,58
212,2020-05-21,Andhra Pradesh,75.0,1.0,2136,2020-05-21,Andhra Pradesh,19,1,70
213,2020-05-22,Andhra Pradesh,76.0,1.0,2170,2020-05-22,Andhra Pradesh,69,0,45
214,2020-05-23,Andhra Pradesh,77.0,1.0,2204,2020-05-23,Andhra Pradesh,54,2,62
215,2020-05-24,Andhra Pradesh,78.0,1.0,2238,2020-05-24,Andhra Pradesh,46,1,48
216,2020-05-25,Andhra Pradesh,79.0,1.0,2273,2020-05-25,Andhra Pradesh,47,0,66
217,2020-05-26,Andhra Pradesh,80.0,1.0,2308,2020-05-26,Andhra Pradesh,40,0,287
218,2020-05-27,Andhra Pradesh,81.0,1.0,2344,2020-05-27,Andhra Pradesh,113,1,61
219,2020-05-28,Andhra Pradesh,82.0,1.0,2380,2020-05-28,Andhra Pradesh,48,1,0
220,2020-05-29,Andhra Pradesh,83.0,1.0,2416,2020-05-29,Andhra Pradesh,0,0,0
221,2020-05-13,Uttarakhand,1.0,0.0,1900,2020-05-13,Uttarakhand,0,0,1
222,2020-05-14,Uttarakhand,3.0,0.0,1933,2020-05-14,Uttarakhand,0,0,3
223,2020-05-15,Uttarakhand,6.0,0.0,1966,2020-05-15,Uttarakhand,4,0,6
224,2020-05-16,Uttarakhand,4.0,0.0,1999,2020-05-16,Uttarakhand,1,0,4
225,2020-05-17,Uttarakhand,6.0,0.0,2032,2020-05-17,Uttarakhand,0,0,6
226,2020-05-18,Uttarakhand,4.0,0.0,2065,2020-05-18,Uttarakhand,1,0,4
227,2020-05-19,Uttarakhand,1.0,0.0,2098,2020-05-19,Uttarakhand,0,0,1
228,2020-05-20,Uttarakhand,3.0,0.0,2131,2020-05-20,Uttarakhand,0,0,18
229,2020-05-21,Uttarakhand,3.0,0.0,2165,2020-05-21,Uttarakhand,1,0,11
230,2020-05-22,Uttarakhand,3.0,0.0,2199,2020-05-22,Uttarakhand,1,0,24
231,2020-05-23,Uttarakhand,3.0,0.0,2233,2020-05-23,Uttarakhand,2,0,7
232,2020-05-24,Uttarakhand,3.0,0.0,2268,2020-05-24,Uttarakhand,0,1,91
233,2020-05-25,Uttarakhand,3.0,0.0,2303,2020-05-25,Uttarakhand,2,1,73
234,2020-05-26,Uttarakhand,3.0,0.0,2339,2020-05-26,Uttarakhand,0,0,32
235,2020-05-27,Uttarakhand,3.0,0.0,2375,2020-05-27,Uttarakhand,6,1,52
236,2020-05-28,Uttarakhand,3.0,0.0,2411,2020-05-28,Uttarakhand,15,0,68
237,2020-05-29,Uttarakhand,3.0,0.0,2447,2020-05-29,Uttarakhand,0,0,0
238,2020-05-13,Odisha,23.0,0.0,1893,2020-05-13,Odisha,31,0,23
239,2020-05-14,Odisha,101.0,0.0,1926,2020-05-14,Odisha,27,0,101
240,2020-05-15,Odisha,73.0,0.0,1959,2020-05-15,Odisha,15,0,73
241,2020-05-16,Odisha,61.0,0.0,1992,2020-05-16,Odisha,8,0,61
242,2020-05-17,Odisha,65.0,0.0,2025,2020-05-17,Odisha,30,0,65
243,2020-05-18,Odisha,91.0,1.0,2058,2020-05-18,Odisha,24,1,91
244,2020-05-19,Odisha,48.0,0.0,2091,2020-05-19,Odisha,0,0,48
245,2020-05-20,Odisha,79.0,0.0,2124,2020-05-20,Odisha,57,1,102
246,2020-05-21,Odisha,83.0,0.0,2158,2020-05-21,Odisha,30,1,74
247,2020-05-22,Odisha,87.0,0.0,2192,2020-05-22,Odisha,86,1,51
248,2020-05-23,Odisha,90.0,0.0,2226,2020-05-23,Odisha,43,0,86
249,2020-05-24,Odisha,94.0,0.0,2260,2020-05-24,Odisha,61,0,80
250,2020-05-25,Odisha,98.0,0.0,2295,2020-05-25,Odisha,53,0,67
251,2020-05-26,Odisha,101.0,0.0,2331,2020-05-26,Odisha,99,0,102
252,2020-05-27,Odisha,105.0,0.0,2367,2020-05-27,Odisha,84,0,79
253,2020-05-28,Odisha,109.0,0.0,2403,2020-05-28,Odisha,0,0,76
254,2020-05-29,Odisha,113.0,0.0,2439,2020-05-29,Odisha,0,0,0
255,2020-05-13,Puducherry,1.0,1.0,1894,2020-05-13,Puducherry,3,1,1
256,2020-05-14,Puducherry,0.0,0.0,1927,2020-05-14,Puducherry,0,0,0
257,2020-05-15,Puducherry,0.0,0.0,1960,2020-05-15,Puducherry,0,0,0
258,2020-05-16,Puducherry,0.0,0.0,1993,2020-05-16,Puducherry,0,0,0
259,2020-05-17,Puducherry,0.0,0.0,2026,2020-05-17,Puducherry,0,0,0
260,2020-05-18,Puducherry,0.0,0.0,2059,2020-05-18,Puducherry,0,0,0
261,2020-05-19,Puducherry,5.0,0.0,2092,2020-05-19,Puducherry,0,0,5
262,2020-05-20,Puducherry,1.0,0.0,2125,2020-05-20,Puducherry,0,0,0
263,2020-05-21,Puducherry,1.0,0.0,2159,2020-05-21,Puducherry,0,0,0
264,2020-05-22,Puducherry,1.0,0.0,2193,2020-05-22,Puducherry,1,0,2
265,2020-05-23,Puducherry,1.0,0.0,2227,2020-05-23,Puducherry,0,0,6
266,2020-05-24,Puducherry,1.0,0.0,2261,2020-05-24,Puducherry,0,0,0
267,2020-05-25,Puducherry,1.0,0.0,2296,2020-05-25,Puducherry,2,0,15
268,2020-05-26,Puducherry,1.0,0.0,2332,2020-05-26,Puducherry,0,0,0
269,2020-05-27,Puducherry,1.0,0.0,2368,2020-05-27,Puducherry,0,0,5
270,2020-05-28,Puducherry,1.0,0.0,2404,2020-05-28,Puducherry,0,0,0
271,2020-05-29,Puducherry,1.0,0.0,2440,2020-05-29,Puducherry,0,0,0
272,2020-05-13,West Bengal,110.0,8.0,1902,2020-05-13,West Bengal,113,8,110
273,2020-05-14,West Bengal,117.0,9.0,1935,2020-05-14,West Bengal,90,9,117
274,2020-05-15,West Bengal,87.0,8.0,1968,2020-05-15,West Bengal,66,8,87
275,2020-05-16,West Bengal,84.0,10.0,2001,2020-05-16,West Bengal,61,10,84
276,2020-05-17,West Bengal,115.0,7.0,2034,2020-05-17,West Bengal,43,7,115
277,2020-05-18,West Bengal,101.0,6.0,2067,2020-05-18,West Bengal,87,6,101
278,2020-05-19,West Bengal,148.0,6.0,2100,2020-05-19,West Bengal,47,6,148
279,2020-05-20,West Bengal,124.0,9.0,2133,2020-05-20,West Bengal,68,6,136
280,2020-05-21,West Bengal,126.0,9.0,2167,2020-05-21,West Bengal,62,3,142
281,2020-05-22,West Bengal,128.0,10.0,2201,2020-05-22,West Bengal,57,6,94
282,2020-05-23,West Bengal,130.0,10.0,2235,2020-05-23,West Bengal,28,6,135
283,2020-05-24,West Bengal,132.0,10.0,2270,2020-05-24,West Bengal,60,4,127
284,2020-05-25,West Bengal,134.0,10.0,2305,2020-05-25,West Bengal,58,3,208
285,2020-05-26,West Bengal,136.0,10.0,2341,2020-05-26,West Bengal,75,6,149
286,2020-05-27,West Bengal,138.0,10.0,2377,2020-05-27,West Bengal,72,5,193
287,2020-05-28,West Bengal,140.0,10.0,2413,2020-05-28,West Bengal,92,6,183
288,2020-05-29,West Bengal,142.0,11.0,2449,2020-05-29,West Bengal,0,0,0
289,2020-05-13,Chhattisgarh,0.0,0.0,1876,2020-05-13,Chhattisgarh,1,0,0
290,2020-05-14,Chhattisgarh,0.0,0.0,1909,2020-05-14,Chhattisgarh,1,0,0
291,2020-05-15,Chhattisgarh,1.0,0.0,1942,2020-05-15,Chhattisgarh,1,0,1
292,2020-05-16,Chhattisgarh,6.0,0.0,1975,2020-05-16,Chhattisgarh,0,0,6
293,2020-05-17,Chhattisgarh,1.0,0.0,2008,2020-05-17,Chhattisgarh,0,0,1
294,2020-05-18,Chhattisgarh,19.0,0.0,2041,2020-05-18,Chhattisgarh,3,0,19
295,2020-05-19,Chhattisgarh,7.0,0.0,2074,2020-05-19,Chhattisgarh,0,0,7
296,2020-05-20,Chhattisgarh,7.0,0.0,2107,2020-05-20,Chhattisgarh,0,0,8
297,2020-05-21,Chhattisgarh,7.0,0.0,2141,2020-05-21,Chhattisgarh,0,0,14
298,2020-05-22,Chhattisgarh,7.0,0.0,2175,2020-05-22,Chhattisgarh,0,0,13
299,2020-05-23,Chhattisgarh,7.0,0.0,2209,2020-05-23,Chhattisgarh,3,0,44
300,2020-05-24,Chhattisgarh,7.0,0.0,2243,2020-05-24,Chhattisgarh,2,0,42
301,2020-05-25,Chhattisgarh,8.0,0.0,2278,2020-05-25,Chhattisgarh,3,0,38
302,2020-05-26,Chhattisgarh,8.0,0.0,2313,2020-05-26,Chhattisgarh,5,0,39
303,2020-05-27,Chhattisgarh,8.0,0.0,2349,2020-05-27,Chhattisgarh,7,0,70
304,2020-05-28,Chhattisgarh,8.0,0.0,2385,2020-05-28,Chhattisgarh,4,0,8
305,2020-05-29,Chhattisgarh,8.0,0.0,2421,2020-05-29,Chhattisgarh,0,0,0
306,2020-05-13,Chandigarh,13.0,1.0,1875,2020-05-13,Chandigarh,4,1,13
307,2020-05-14,Chandigarh,0.0,0.0,1908,2020-05-14,Chandigarh,0,0,0
308,2020-05-15,Chandigarh,4.0,0.0,1941,2020-05-15,Chandigarh,9,0,4
309,2020-05-16,Chandigarh,0.0,0.0,1974,2020-05-16,Chandigarh,0,0,0
310,2020-05-17,Chandigarh,0.0,0.0,2007,2020-05-17,Chandigarh,14,0,0
311,2020-05-18,Chandigarh,0.0,0.0,2040,2020-05-18,Chandigarh,0,0,0
312,2020-05-19,Chandigarh,5.0,0.0,2073,2020-05-19,Chandigarh,3,0,5
313,2020-05-20,Chandigarh,-0.0,0.0,2106,2020-05-20,Chandigarh,3,0,4
314,2020-05-21,Chandigarh,-1.0,0.0,2140,2020-05-21,Chandigarh,0,0,2
315,2020-05-22,Chandigarh,-2.0,0.0,2174,2020-05-22,Chandigarh,82,0,15
316,2020-05-23,Chandigarh,-4.0,0.0,2208,2020-05-23,Chandigarh,39,0,1
317,2020-05-24,Chandigarh,-5.0,0.0,2242,2020-05-24,Chandigarh,1,0,7
318,2020-05-25,Chandigarh,-6.0,0.0,2277,2020-05-25,Chandigarh,7,0,13
319,2020-05-26,Chandigarh,-7.0,0.0,2312,2020-05-26,Chandigarh,0,0,0
320,2020-05-27,Chandigarh,-8.0,0.0,2348,2020-05-27,Chandigarh,1,1,28
321,2020-05-28,Chandigarh,-9.0,0.0,2384,2020-05-28,Chandigarh,0,0,13
322,2020-05-29,Chandigarh,-10.0,0.0,2420,2020-05-29,Chandigarh,0,0,0
323,2020-05-13,Gujarat,362.0,24.0,1880,2020-05-13,Gujarat,466,24,362
324,2020-05-14,Gujarat,364.0,29.0,1913,2020-05-14,Gujarat,316,29,364
325,2020-05-15,Gujarat,324.0,20.0,1946,2020-05-15,Gujarat,191,20,324
326,2020-05-16,Gujarat,340.0,20.0,1979,2020-05-16,Gujarat,282,20,340
327,2020-05-17,Gujarat,1057.0,19.0,2012,2020-05-17,Gujarat,273,19,1057
328,2020-05-18,Gujarat,391.0,34.0,2045,2020-05-18,Gujarat,191,34,391
329,2020-05-19,Gujarat,366.0,35.0,2078,2020-05-19,Gujarat,305,35,366
330,2020-05-20,Gujarat,507.0,32.0,2111,2020-05-20,Gujarat,239,25,395
331,2020-05-21,Gujarat,518.0,32.0,2145,2020-05-21,Gujarat,176,30,397
332,2020-05-22,Gujarat,529.0,33.0,2179,2020-05-22,Gujarat,269,24,368
333,2020-05-23,Gujarat,540.0,34.0,2213,2020-05-23,Gujarat,392,29,363
334,2020-05-24,Gujarat,551.0,34.0,2247,2020-05-24,Gujarat,289,27,396
335,2020-05-25,Gujarat,562.0,35.0,2282,2020-05-25,Gujarat,243,29,392
336,2020-05-26,Gujarat,573.0,35.0,2317,2020-05-26,Gujarat,224,30,404
337,2020-05-27,Gujarat,584.0,36.0,2353,2020-05-27,Gujarat,503,27,361
338,2020-05-28,Gujarat,596.0,36.0,2389,2020-05-28,Gujarat,410,23,374
339,2020-05-29,Gujarat,607.0,37.0,2425,2020-05-29,Gujarat,0,0,0
340,2020-05-13,Himachal Pradesh,6.0,0.0,1882,2020-05-13,Himachal Pradesh,0,0,6
341,2020-05-14,Himachal Pradesh,1.0,0.0,1915,2020-05-14,Himachal Pradesh,0,0,1
342,2020-05-15,Himachal Pradesh,8.0,0.0,1948,2020-05-15,Himachal Pradesh,0,0,8
343,2020-05-16,Himachal Pradesh,2.0,1.0,1981,2020-05-16,Himachal Pradesh,0,1,2
344,2020-05-17,Himachal Pradesh,2.0,0.0,2014,2020-05-17,Himachal Pradesh,4,0,2
345,2020-05-18,Himachal Pradesh,2.0,0.0,2047,2020-05-18,Himachal Pradesh,1,0,2
346,2020-05-19,Himachal Pradesh,10.0,0.0,2080,2020-05-19,Himachal Pradesh,0,0,10
347,2020-05-20,Himachal Pradesh,6.0,0.0,2113,2020-05-20,Himachal Pradesh,3,0,2
348,2020-05-21,Himachal Pradesh,6.0,0.0,2147,2020-05-21,Himachal Pradesh,7,0,18
349,2020-05-22,Himachal Pradesh,6.0,0.0,2181,2020-05-22,Himachal Pradesh,5,0,42
350,2020-05-23,Himachal Pradesh,7.0,0.0,2215,2020-05-23,Himachal Pradesh,0,0,16
351,2020-05-24,Himachal Pradesh,7.0,0.0,2249,2020-05-24,Himachal Pradesh,2,0,17
352,2020-05-25,Himachal Pradesh,8.0,0.0,2284,2020-05-25,Himachal Pradesh,2,0,18
353,2020-05-26,Himachal Pradesh,8.0,0.0,2319,2020-05-26,Himachal Pradesh,4,2,20
354,2020-05-27,Himachal Pradesh,8.0,0.0,2355,2020-05-27,Himachal Pradesh,0,0,24
355,2020-05-28,Himachal Pradesh,9.0,0.0,2391,2020-05-28,Himachal Pradesh,3,0,26
356,2020-05-29,Himachal Pradesh,9.0,0.0,2427,2020-05-29,Himachal Pradesh,0,0,0
357,2020-05-13,Madhya Pradesh,201.0,4.0,1888,2020-05-13,Madhya Pradesh,113,4,201
358,2020-05-14,Madhya Pradesh,187.0,7.0,1921,2020-05-14,Madhya Pradesh,144,7,187
359,2020-05-15,Madhya Pradesh,253.0,5.0,1954,2020-05-15,Madhya Pradesh,167,5,253
360,2020-05-16,Madhya Pradesh,169.0,2.0,1987,2020-05-16,Madhya Pradesh,112,2,169
361,2020-05-17,Madhya Pradesh,194.0,4.0,2020,2020-05-17,Madhya Pradesh,32,4,194
362,2020-05-18,Madhya Pradesh,188.0,5.0,2053,2020-05-18,Madhya Pradesh,88,5,188
363,2020-05-19,Madhya Pradesh,259.0,4.0,2086,2020-05-19,Madhya Pradesh,32,4,259
364,2020-05-20,Madhya Pradesh,204.0,6.0,2119,2020-05-20,Madhya Pradesh,195,6,229
365,2020-05-21,Madhya Pradesh,208.0,6.0,2153,2020-05-21,Madhya Pradesh,103,9,270
366,2020-05-22,Madhya Pradesh,211.0,6.0,2187,2020-05-22,Madhya Pradesh,110,3,246
367,2020-05-23,Madhya Pradesh,215.0,6.0,2221,2020-05-23,Madhya Pradesh,246,2,189
368,2020-05-24,Madhya Pradesh,218.0,7.0,2255,2020-05-24,Madhya Pradesh,178,9,201
369,2020-05-25,Madhya Pradesh,222.0,7.0,2290,2020-05-25,Madhya Pradesh,141,9,294
370,2020-05-26,Madhya Pradesh,225.0,7.0,2325,2020-05-26,Madhya Pradesh,163,10,194
371,2020-05-27,Madhya Pradesh,228.0,7.0,2361,2020-05-27,Madhya Pradesh,118,5,165
372,2020-05-28,Madhya Pradesh,232.0,7.0,2397,2020-05-28,Madhya Pradesh,238,8,237
373,2020-05-29,Madhya Pradesh,235.0,7.0,2433,2020-05-29,Madhya Pradesh,0,0,0
374,2020-05-13,Bihar,84.0,0.0,1874,2020-05-13,Bihar,6,0,84
375,2020-05-14,Bihar,109.0,1.0,1907,2020-05-14,Bihar,5,1,109
376,2020-05-15,Bihar,54.0,0.0,1940,2020-05-15,Bihar,23,0,54
377,2020-05-16,Bihar,24.0,0.0,1973,2020-05-16,Bihar,27,0,24
378,2020-05-17,Bihar,161.0,0.0,2006,2020-05-17,Bihar,15,0,161
379,2020-05-18,Bihar,83.0,1.0,2039,2020-05-18,Bihar,22,1,83
380,2020-05-19,Bihar,129.0,1.0,2072,2020-05-19,Bihar,19,1,129
381,2020-05-20,Bihar,106.0,1.0,2105,2020-05-20,Bihar,40,0,107
382,2020-05-21,Bihar,108.0,1.0,2139,2020-05-21,Bihar,37,1,176
383,2020-05-22,Bihar,110.0,2.0,2173,2020-05-22,Bihar,22,1,308
384,2020-05-23,Bihar,111.0,2.0,2207,2020-05-23,Bihar,36,0,195
385,2020-05-24,Bihar,113.0,2.0,2241,2020-05-24,Bihar,24,0,203
386,2020-05-25,Bihar,115.0,3.0,2276,2020-05-25,Bihar,49,2,207
387,2020-05-26,Bihar,117.0,3.0,2311,2020-05-26,Bihar,47,0,143
388,2020-05-27,Bihar,119.0,3.0,2347,2020-05-27,Bihar,151,0,253
389,2020-05-28,Bihar,120.0,3.0,2383,2020-05-28,Bihar,183,2,78
390,2020-05-29,Bihar,122.0,4.0,2419,2020-05-29,Bihar,0,0,0
391,2020-05-13,Manipur,0.0,0.0,1890,2020-05-13,Manipur,0,0,0
392,2020-05-14,Manipur,0.0,0.0,1923,2020-05-14,Manipur,0,0,0
393,2020-05-15,Manipur,1.0,0.0,1956,2020-05-15,Manipur,0,0,1
394,2020-05-16,Manipur,0.0,0.0,1989,2020-05-16,Manipur,0,0,0
395,2020-05-17,Manipur,4.0,0.0,2022,2020-05-17,Manipur,0,0,4
396,2020-05-18,Manipur,0.0,0.0,2055,2020-05-18,Manipur,0,0,0
397,2020-05-19,Manipur,0.0,0.0,2088,2020-05-19,Manipur,0,0,0
398,2020-05-20,Manipur,1.0,0.0,2121,2020-05-20,Manipur,0,0,2
399,2020-05-21,Manipur,1.0,0.0,2155,2020-05-21,Manipur,0,0,16
400,2020-05-22,Manipur,1.0,0.0,2189,2020-05-22,Manipur,0,0,0
401,2020-05-23,Manipur,1.0,0.0,2223,2020-05-23,Manipur,0,0,1
402,2020-05-24,Manipur,1.0,0.0,2257,2020-05-24,Manipur,2,0,3
403,2020-05-25,Manipur,1.0,0.0,2292,2020-05-25,Manipur,0,0,3
404,2020-05-26,Manipur,1.0,0.0,2327,2020-05-26,Manipur,0,0,7
405,2020-05-27,Manipur,0.0,0.0,2363,2020-05-27,Manipur,0,0,0
406,2020-05-28,Manipur,0.0,0.0,2399,2020-05-28,Manipur,0,0,5
407,2020-05-29,Manipur,0.0,0.0,2435,2020-05-29,Manipur,0,0,0
408,2020-05-13,Mizoram,0.0,0.0,1892,2020-05-13,Mizoram,0,0,0
409,2020-05-14,Mizoram,0.0,0.0,1925,2020-05-14,Mizoram,0,0,0
410,2020-05-15,Mizoram,0.0,0.0,1958,2020-05-15,Mizoram,0,0,0
411,2020-05-16,Mizoram,0.0,0.0,1991,2020-05-16,Mizoram,0,0,0
412,2020-05-17,Mizoram,0.0,0.0,2024,2020-05-17,Mizoram,0,0,0
413,2020-05-18,Mizoram,0.0,0.0,2057,2020-05-18,Mizoram,0,0,0
414,2020-05-19,Mizoram,0.0,0.0,2090,2020-05-19,Mizoram,0,0,0
415,2020-05-20,Mizoram,0.0,0.0,2123,2020-05-20,Mizoram,0,0,0
416,2020-05-21,Mizoram,0.0,0.0,2157,2020-05-21,Mizoram,0,0,0
417,2020-05-22,Mizoram,0.0,0.0,2191,2020-05-22,Mizoram,0,0,0
418,2020-05-23,Mizoram,0.0,0.0,2225,2020-05-23,Mizoram,0,0,0
419,2020-05-24,Mizoram,0.0,0.0,2259,2020-05-24,Mizoram,0,0,0
420,2020-05-25,Mizoram,0.0,0.0,2294,2020-05-25,Mizoram,0,0,0
421,2020-05-26,Mizoram,0.0,0.0,2329,2020-05-26,Mizoram,0,0,0
422,2020-05-27,Mizoram,0.0,0.0,2365,2020-05-27,Mizoram,0,0,0
423,2020-05-28,Mizoram,0.0,0.0,2401,2020-05-28,Mizoram,0,0,0
424,2020-05-29,Mizoram,0.0,0.0,2437,2020-05-29,Mizoram,0,0,0
425,2020-05-13,Andaman and Nicobar Islands,0.0,0.0,1870,2020-05-13,Andaman and Nicobar Islands,0,0,0
426,2020-05-14,Andaman and Nicobar Islands,0.0,0.0,1903,2020-05-14,Andaman and Nicobar Islands,0,0,0
427,2020-05-15,Andaman and Nicobar Islands,0.0,0.0,1936,2020-05-15,Andaman and Nicobar Islands,0,0,0
428,2020-05-16,Andaman and Nicobar Islands,0.0,0.0,1969,2020-05-16,Andaman and Nicobar Islands,0,0,0
429,2020-05-17,Andaman and Nicobar Islands,0.0,0.0,2002,2020-05-17,Andaman and Nicobar Islands,0,0,0
430,2020-05-18,Andaman and Nicobar Islands,0.0,0.0,2035,2020-05-18,Andaman and Nicobar Islands,0,0,0
431,2020-05-19,Andaman and Nicobar Islands,0.0,0.0,2068,2020-05-19,Andaman and Nicobar Islands,0,0,0
432,2020-05-20,Andaman and Nicobar Islands,0.0,0.0,2101,2020-05-20,Andaman and Nicobar Islands,0,0,0
433,2020-05-21,Andaman and Nicobar Islands,0.0,0.0,2135,2020-05-21,Andaman and Nicobar Islands,0,0,0
434,2020-05-22,Andaman and Nicobar Islands,0.0,0.0,2169,2020-05-22,Andaman and Nicobar Islands,0,0,0
435,2020-05-23,Andaman and Nicobar Islands,0.0,0.0,2203,2020-05-23,Andaman and Nicobar Islands,0,0,0
436,2020-05-24,Andaman and Nicobar Islands,0.0,0.0,2237,2020-05-24,Andaman and Nicobar Islands,0,0,0
437,2020-05-25,Andaman and Nicobar Islands,0.0,0.0,2272,2020-05-25,Andaman and Nicobar Islands,0,0,0
438,2020-05-26,Andaman and Nicobar Islands,0.0,0.0,2307,2020-05-26,Andaman and Nicobar Islands,0,0,0
439,2020-05-27,Andaman and Nicobar Islands,0.0,0.0,2343,2020-05-27,Andaman and Nicobar Islands,0,0,0
440,2020-05-28,Andaman and Nicobar Islands,0.0,0.0,2379,2020-05-28,Andaman and Nicobar Islands,0,0,0
441,2020-05-29,Andaman and Nicobar Islands,0.0,0.0,2415,2020-05-29,Andaman and Nicobar Islands,0,0,0
442,2020-05-13,Goa,0.0,0.0,1879,2020-05-13,Goa,0,0,0
443,2020-05-14,Goa,0.0,0.0,1912,2020-05-14,Goa,0,0,0
444,2020-05-15,Goa,7.0,0.0,1945,2020-05-15,Goa,0,0,7
445,2020-05-16,Goa,1.0,0.0,1978,2020-05-16,Goa,0,0,1
446,2020-05-17,Goa,2.0,0.0,2011,2020-05-17,Goa,0,0,2
447,2020-05-18,Goa,12.0,0.0,2044,2020-05-18,Goa,0,0,12
448,2020-05-19,Goa,9.0,0.0,2077,2020-05-19,Goa,0,0,9
449,2020-05-20,Goa,11.0,0.0,2110,2020-05-20,Goa,0,0,8
450,2020-05-21,Goa,14.0,0.0,2144,2020-05-21,Goa,0,0,4
451,2020-05-22,Goa,16.0,0.0,2178,2020-05-22,Goa,0,0,2
452,2020-05-23,Goa,18.0,0.0,2212,2020-05-23,Goa,9,0,2
453,2020-05-24,Goa,20.0,0.0,2246,2020-05-24,Goa,0,0,1
454,2020-05-25,Goa,22.0,0.0,2281,2020-05-25,Goa,3,0,11
455,2020-05-26,Goa,24.0,0.0,2316,2020-05-26,Goa,0,0,1
456,2020-05-27,Goa,26.0,0.0,2352,2020-05-27,Goa,9,0,0
457,2020-05-28,Goa,29.0,0.0,2388,2020-05-28,Goa,9,0,1
458,2020-05-29,Goa,31.0,0.0,2424,2020-05-29,Goa,0,0,0
459,2020-05-13,Assam,0.0,0.0,1873,2020-05-13,Assam,5,0,0
460,2020-05-14,Assam,15.0,0.0,1906,2020-05-14,Assam,0,0,15
461,2020-05-15,Assam,7.0,0.0,1939,2020-05-15,Assam,0,0,7
462,2020-05-16,Assam,3.0,0.0,1972,2020-05-16,Assam,2,0,3
463,2020-05-17,Assam,2.0,0.0,2005,2020-05-17,Assam,0,0,2
464,2020-05-18,Assam,9.0,0.0,2038,2020-05-18,Assam,0,0,9
465,2020-05-19,Assam,6.0,0.0,2071,2020-05-19,Assam,0,0,6
466,2020-05-20,Assam,6.0,0.0,2104,2020-05-20,Assam,0,2,35
467,2020-05-21,Assam,6.0,0.0,2138,2020-05-21,Assam,7,0,28
468,2020-05-22,Assam,6.0,0.0,2172,2020-05-22,Assam,6,0,33
469,2020-05-23,Assam,6.0,0.0,2206,2020-05-23,Assam,0,0,56
470,2020-05-24,Assam,6.0,0.0,2240,2020-05-24,Assam,1,0,70
471,2020-05-25,Assam,6.0,0.0,2275,2020-05-25,Assam,0,0,49
472,2020-05-26,Assam,6.0,0.0,2310,2020-05-26,Assam,7,0,148
473,2020-05-27,Assam,6.0,0.0,2346,2020-05-27,Assam,0,0,90
474,2020-05-28,Assam,6.0,0.0,2382,2020-05-28,Assam,25,0,165
475,2020-05-29,Assam,6.0,0.0,2418,2020-05-29,Assam,0,0,0
476,2020-05-13,Jharkhand,12.0,0.0,1884,2020-05-13,Jharkhand,1,0,12
477,2020-05-14,Jharkhand,1.0,0.0,1917,2020-05-14,Jharkhand,0,0,1
478,2020-05-15,Jharkhand,24.0,0.0,1950,2020-05-15,Jharkhand,8,0,24
479,2020-05-16,Jharkhand,6.0,0.0,1983,2020-05-16,Jharkhand,0,0,6
480,2020-05-17,Jharkhand,14.0,0.0,2016,2020-05-17,Jharkhand,26,0,14
481,2020-05-18,Jharkhand,6.0,0.0,2049,2020-05-18,Jharkhand,0,0,6
482,2020-05-19,Jharkhand,0.0,0.0,2082,2020-05-19,Jharkhand,0,0,0
483,2020-05-20,Jharkhand,8.0,0.0,2115,2020-05-20,Jharkhand,14,0,8
484,2020-05-21,Jharkhand,9.0,0.0,2149,2020-05-21,Jharkhand,0,0,0
485,2020-05-22,Jharkhand,9.0,0.0,2183,2020-05-22,Jharkhand,2,0,59
486,2020-05-23,Jharkhand,9.0,0.0,2217,2020-05-23,Jharkhand,7,0,18
487,2020-05-24,Jharkhand,9.0,0.0,2251,2020-05-24,Jharkhand,5,1,42
488,2020-05-25,Jharkhand,9.0,0.0,2286,2020-05-25,Jharkhand,7,0,20
489,2020-05-26,Jharkhand,9.0,0.0,2321,2020-05-26,Jharkhand,0,0,7
490,2020-05-27,Jharkhand,9.0,0.0,2357,2020-05-27,Jharkhand,27,0,49
491,2020-05-28,Jharkhand,10.0,0.0,2393,2020-05-28,Jharkhand,10,0,22
492,2020-05-29,Jharkhand,10.0,0.0,2429,2020-05-29,Jharkhand,0,0,0
493,2020-05-13,Arunachal Pradesh,0.0,0.0,1872,2020-05-13,Arunachal Pradesh,0,0,0
494,2020-05-14,Arunachal Pradesh,0.0,0.0,1905,2020-05-14,Arunachal Pradesh,0,0,0
495,2020-05-15,Arunachal Pradesh,0.0,0.0,1938,2020-05-15,Arunachal Pradesh,0,0,0
496,2020-05-16,Arunachal Pradesh,0.0,0.0,1971,2020-05-16,Arunachal Pradesh,0,0,0
497,2020-05-17,Arunachal Pradesh,0.0,0.0,2004,2020-05-17,Arunachal Pradesh,0,0,0
498,2020-05-18,Arunachal Pradesh,0.0,0.0,2037,2020-05-18,Arunachal Pradesh,0,0,0
499,2020-05-19,Arunachal Pradesh,0.0,0.0,2070,2020-05-19,Arunachal Pradesh,0,0,0
500,2020-05-20,Arunachal Pradesh,0.0,0.0,2103,2020-05-20,Arunachal Pradesh,0,0,0
501,2020-05-21,Arunachal Pradesh,0.0,0.0,2137,2020-05-21,Arunachal Pradesh,0,0,0
502,2020-05-22,Arunachal Pradesh,0.0,0.0,2171,2020-05-22,Arunachal Pradesh,0,0,0
503,2020-05-23,Arunachal Pradesh,0.0,0.0,2205,2020-05-23,Arunachal Pradesh,0,0,0
504,2020-05-24,Arunachal Pradesh,0.0,0.0,2239,2020-05-24,Arunachal Pradesh,0,0,0
505,2020-05-25,Arunachal Pradesh,0.0,0.0,2274,2020-05-25,Arunachal Pradesh,0,0,0
506,2020-05-26,Arunachal Pradesh,0.0,0.0,2309,2020-05-26,Arunachal Pradesh,0,0,1
507,2020-05-27,Arunachal Pradesh,0.0,0.0,2345,2020-05-27,Arunachal Pradesh,0,0,0
508,2020-05-28,Arunachal Pradesh,0.0,0.0,2381,2020-05-28,Arunachal Pradesh,0,0,0
509,2020-05-29,Arunachal Pradesh,0.0,0.0,2417,2020-05-29,Arunachal Pradesh,0,0,0
510,2020-05-13,Tripura,2.0,0.0,1899,2020-05-13,Tripura,0,0,2
511,2020-05-14,Tripura,1.0,0.0,1932,2020-05-14,Tripura,14,0,1
512,2020-05-15,Tripura,1.0,0.0,1965,2020-05-15,Tripura,13,0,1
513,2020-05-16,Tripura,0.0,0.0,1998,2020-05-16,Tripura,13,0,0
514,2020-05-17,Tripura,11.0,0.0,2031,2020-05-17,Tripura,22,0,11
515,2020-05-18,Tripura,0.0,0.0,2064,2020-05-18,Tripura,21,0,0
516,2020-05-19,Tripura,0.0,0.0,2097,2020-05-19,Tripura,0,0,0
517,2020-05-20,Tripura,2.0,0.0,2130,2020-05-20,Tripura,31,0,6
518,2020-05-21,Tripura,2.0,0.0,2164,2020-05-21,Tripura,17,0,0
519,2020-05-22,Tripura,2.0,0.0,2198,2020-05-22,Tripura,15,0,0
520,2020-05-23,Tripura,2.0,0.0,2232,2020-05-23,Tripura,4,0,2
521,2020-05-24,Tripura,2.0,0.0,2267,2020-05-24,Tripura,1,0,14
522,2020-05-25,Tripura,2.0,0.0,2302,2020-05-25,Tripura,12,0,2
523,2020-05-26,Tripura,2.0,0.0,2338,2020-05-26,Tripura,0,0,3
524,2020-05-27,Tripura,2.0,0.0,2374,2020-05-27,Tripura,0,0,13
525,2020-05-28,Tripura,2.0,0.0,2410,2020-05-28,Tripura,0,0,23
526,2020-05-29,Tripura,2.0,0.0,2446,2020-05-29,Tripura,0,0,0
527,2020-05-13,Meghalaya,0.0,0.0,1891,2020-05-13,Meghalaya,0,0,0
528,2020-05-14,Meghalaya,0.0,0.0,1924,2020-05-14,Meghalaya,0,0,0
529,2020-05-15,Meghalaya,0.0,0.0,1957,2020-05-15,Meghalaya,1,0,0
530,2020-05-16,Meghalaya,0.0,0.0,1990,2020-05-16,Meghalaya,0,0,0
531,2020-05-17,Meghalaya,0.0,0.0,2023,2020-05-17,Meghalaya,0,0,0
532,2020-05-18,Meghalaya,0.0,0.0,2056,2020-05-18,Meghalaya,0,0,0
533,2020-05-19,Meghalaya,0.0,0.0,2089,2020-05-19,Meghalaya,0,0,0
534,2020-05-20,Meghalaya,0.0,-0.0,2122,2020-05-20,Meghalaya,1,0,0
535,2020-05-21,Meghalaya,0.0,-0.0,2156,2020-05-21,Meghalaya,0,0,1
536,2020-05-22,Meghalaya,0.0,-0.0,2190,2020-05-22,Meghalaya,0,0,0
537,2020-05-23,Meghalaya,0.0,-0.0,2224,2020-05-23,Meghalaya,0,0,0
538,2020-05-24,Meghalaya,0.0,-0.0,2258,2020-05-24,Meghalaya,0,0,0
539,2020-05-25,Meghalaya,0.0,-0.0,2293,2020-05-25,Meghalaya,0,0,0
540,2020-05-26,Meghalaya,0.0,-0.0,2328,2020-05-26,Meghalaya,0,0,0
541,2020-05-27,Meghalaya,0.0,-0.0,2364,2020-05-27,Meghalaya,0,0,1
542,2020-05-28,Meghalaya,0.0,-0.0,2400,2020-05-28,Meghalaya,0,0,5
543,2020-05-29,Meghalaya,0.0,-0.0,2436,2020-05-29,Meghalaya,0,0,0
544,2020-05-13,Dadar Nagar Haveli,0.0,0.0,1877,2020-05-13,Dadar Nagar Haveli,0,0,0
545,2020-05-14,Dadar Nagar Haveli,0.0,0.0,1910,2020-05-14,Dadar Nagar Haveli,0,0,0
546,2020-05-15,Dadar Nagar Haveli,0.0,0.0,1943,2020-05-15,Dadar Nagar Haveli,0,0,0
547,2020-05-16,Dadar Nagar Haveli,0.0,0.0,1976,2020-05-16,Dadar Nagar Haveli,0,0,0
548,2020-05-17,Dadar Nagar Haveli,0.0,0.0,2009,2020-05-17,Dadar Nagar Haveli,0,0,0
549,2020-05-18,Dadar Nagar Haveli,0.0,0.0,2042,2020-05-18,Dadar Nagar Haveli,0,0,0
550,2020-05-19,Dadar Nagar Haveli,0.0,0.0,2075,2020-05-19,Dadar Nagar Haveli,0,0,0
551,2020-05-20,Dadar Nagar Haveli,0.0,0.0,2108,2020-05-20,Dadar Nagar Haveli,0,0,0
552,2020-05-21,Dadar Nagar Haveli,0.0,0.0,2142,2020-05-21,Dadar Nagar Haveli,0,0,0
553,2020-05-22,Dadar Nagar Haveli,0.0,0.0,2176,2020-05-22,Dadar Nagar Haveli,0,0,0
554,2020-05-23,Dadar Nagar Haveli,0.0,0.0,2210,2020-05-23,Dadar Nagar Haveli,0,0,0
555,2020-05-24,Dadar Nagar Haveli,0.0,0.0,2244,2020-05-24,Dadar Nagar Haveli,0,0,1
556,2020-05-25,Dadar Nagar Haveli,0.0,0.0,2279,2020-05-25,Dadar Nagar Haveli,0,0,0
557,2020-05-26,Dadar Nagar Haveli,0.0,0.0,2314,2020-05-26,Dadar Nagar Haveli,0,0,0
558,2020-05-27,Dadar Nagar Haveli,0.0,0.0,2350,2020-05-27,Dadar Nagar Haveli,0,0,0
559,2020-05-28,Dadar Nagar Haveli,0.0,0.0,2386,2020-05-28,Dadar Nagar Haveli,0,0,0
560,2020-05-29,Dadar Nagar Haveli,0.0,0.0,2422,2020-05-29,Dadar Nagar Haveli,0,0,0
